run_id,key,value,step,timestamp
33e43d3fa1fe4013a46ebb4f814a4076,train_loss,4.0069580078125,0,1734275492629
33e43d3fa1fe4013a46ebb4f814a4076,train_loss,4.118408203125,1,1734275492850
33e43d3fa1fe4013a46ebb4f814a4076,train_loss,4.0863037109375,2,1734275492879
33e43d3fa1fe4013a46ebb4f814a4076,train_loss,4.1939697265625,3,1734275492906
33e43d3fa1fe4013a46ebb4f814a4076,train_loss,4.3214111328125,4,1734275492931
33e43d3fa1fe4013a46ebb4f814a4076,train_loss,4.249755859375,5,1734275492958
33e43d3fa1fe4013a46ebb4f814a4076,train_loss,4.220458984375,6,1734275492984
33e43d3fa1fe4013a46ebb4f814a4076,train_loss,4.22998046875,7,1734275493009
33e43d3fa1fe4013a46ebb4f814a4076,train_loss,4.4373779296875,8,1734275493036
33e43d3fa1fe4013a46ebb4f814a4076,train_loss,4.4068603515625,9,1734275493060
33e43d3fa1fe4013a46ebb4f814a4076,train_loss,4.27392578125,10,1734275493085
33e43d3fa1fe4013a46ebb4f814a4076,train_loss,4.58349609375,11,1734275493111
33e43d3fa1fe4013a46ebb4f814a4076,train_loss,4.3746337890625,12,1734275493136
33e43d3fa1fe4013a46ebb4f814a4076,train_loss,4.7490234375,13,1734275493161
33e43d3fa1fe4013a46ebb4f814a4076,train_loss,4.6380615234375,14,1734275493185
33e43d3fa1fe4013a46ebb4f814a4076,train_loss,4.693359375,15,1734275493210
33e43d3fa1fe4013a46ebb4f814a4076,train_loss,4.2685546875,16,1734275493236
33e43d3fa1fe4013a46ebb4f814a4076,train_loss,4.27880859375,17,1734275493261
33e43d3fa1fe4013a46ebb4f814a4076,train_loss,4.56884765625,18,1734275493286
33e43d3fa1fe4013a46ebb4f814a4076,train_loss,4.58447265625,19,1734275493310
33e43d3fa1fe4013a46ebb4f814a4076,train_loss,4.387939453125,20,1734275493337
33e43d3fa1fe4013a46ebb4f814a4076,train_loss,4.3160400390625,21,1734275493362
33e43d3fa1fe4013a46ebb4f814a4076,train_loss,4.39453125,22,1734275493386
33e43d3fa1fe4013a46ebb4f814a4076,train_loss,4.46923828125,23,1734275493412
33e43d3fa1fe4013a46ebb4f814a4076,train_loss,4.3409423828125,24,1734275493436
33e43d3fa1fe4013a46ebb4f814a4076,train_loss,4.2637939453125,25,1734275493462
33e43d3fa1fe4013a46ebb4f814a4076,train_loss,4.2476806640625,26,1734275493487
33e43d3fa1fe4013a46ebb4f814a4076,train_loss,4.4346923828125,27,1734275493513
33e43d3fa1fe4013a46ebb4f814a4076,train_loss,4.2926025390625,28,1734275493538
33e43d3fa1fe4013a46ebb4f814a4076,train_loss,4.3179931640625,29,1734275493563
33e43d3fa1fe4013a46ebb4f814a4076,train_loss,4.373291015625,30,1734275493589
33e43d3fa1fe4013a46ebb4f814a4076,train_loss,3.9140625,31,1734275493617
33e43d3fa1fe4013a46ebb4f814a4076,train_loss,4.1558837890625,32,1734275493642
33e43d3fa1fe4013a46ebb4f814a4076,train_loss,4.05810546875,33,1734275493667
33e43d3fa1fe4013a46ebb4f814a4076,train_loss,4.23046875,34,1734275493696
33e43d3fa1fe4013a46ebb4f814a4076,train_loss,4.2576904296875,35,1734275493722
33e43d3fa1fe4013a46ebb4f814a4076,train_loss,4.5716552734375,36,1734275493748
33e43d3fa1fe4013a46ebb4f814a4076,train_loss,4.375732421875,37,1734275493773
33e43d3fa1fe4013a46ebb4f814a4076,train_loss,4.3302001953125,38,1734275493799
33e43d3fa1fe4013a46ebb4f814a4076,train_loss,4.4453125,39,1734275493827
33e43d3fa1fe4013a46ebb4f814a4076,train_loss,4.1390380859375,40,1734275493853
33e43d3fa1fe4013a46ebb4f814a4076,train_loss,4.2469482421875,41,1734275493878
33e43d3fa1fe4013a46ebb4f814a4076,train_loss,4.3134765625,42,1734275493903
33e43d3fa1fe4013a46ebb4f814a4076,train_loss,4.212890625,43,1734275493928
33e43d3fa1fe4013a46ebb4f814a4076,train_loss,3.9541015625,44,1734275493953
33e43d3fa1fe4013a46ebb4f814a4076,train_loss,4.0399169921875,45,1734275493978
33e43d3fa1fe4013a46ebb4f814a4076,train_loss,4.1986083984375,46,1734275494003
33e43d3fa1fe4013a46ebb4f814a4076,train_loss,4.3868408203125,47,1734275494029
33e43d3fa1fe4013a46ebb4f814a4076,train_loss,4.0435791015625,48,1734275494055
33e43d3fa1fe4013a46ebb4f814a4076,train_loss,4.17041015625,49,1734275494080
33e43d3fa1fe4013a46ebb4f814a4076,train_loss,4.00390625,50,1734275494104
33e43d3fa1fe4013a46ebb4f814a4076,train_loss,4.013916015625,51,1734275494130
33e43d3fa1fe4013a46ebb4f814a4076,train_loss,4.0987548828125,52,1734275494155
33e43d3fa1fe4013a46ebb4f814a4076,train_loss,4.2724609375,53,1734275494180
33e43d3fa1fe4013a46ebb4f814a4076,train_loss,3.990966796875,54,1734275494207
33e43d3fa1fe4013a46ebb4f814a4076,train_loss,4.1461181640625,55,1734275494232
33e43d3fa1fe4013a46ebb4f814a4076,train_loss,3.927734375,56,1734275494257
33e43d3fa1fe4013a46ebb4f814a4076,train_loss,3.9769287109375,57,1734275494283
33e43d3fa1fe4013a46ebb4f814a4076,train_loss,4.22021484375,58,1734275494308
33e43d3fa1fe4013a46ebb4f814a4076,train_loss,4.06884765625,59,1734275494336
33e43d3fa1fe4013a46ebb4f814a4076,train_loss,4.1925048828125,60,1734275494363
33e43d3fa1fe4013a46ebb4f814a4076,train_loss,3.834716796875,61,1734275494387
33e43d3fa1fe4013a46ebb4f814a4076,train_loss,4.1220703125,62,1734275494412
33e43d3fa1fe4013a46ebb4f814a4076,train_loss,4.2266845703125,63,1734275494437
33e43d3fa1fe4013a46ebb4f814a4076,train_loss,4.039794921875,64,1734275494462
33e43d3fa1fe4013a46ebb4f814a4076,train_loss,3.8529052734375,65,1734275494487
33e43d3fa1fe4013a46ebb4f814a4076,train_loss,4.0130615234375,66,1734275494512
33e43d3fa1fe4013a46ebb4f814a4076,train_loss,3.9390869140625,67,1734275494540
33e43d3fa1fe4013a46ebb4f814a4076,train_loss,4.165771484375,68,1734275494566
33e43d3fa1fe4013a46ebb4f814a4076,train_loss,4.002197265625,69,1734275494595
33e43d3fa1fe4013a46ebb4f814a4076,train_loss,4.05224609375,70,1734275494628
33e43d3fa1fe4013a46ebb4f814a4076,train_loss,4.05224609375,71,1734275494655
33e43d3fa1fe4013a46ebb4f814a4076,train_loss,4.0126953125,72,1734275494687
33e43d3fa1fe4013a46ebb4f814a4076,train_loss,3.998779296875,73,1734275494714
33e43d3fa1fe4013a46ebb4f814a4076,train_loss,4.1497802734375,74,1734275494741
33e43d3fa1fe4013a46ebb4f814a4076,train_loss,3.997314453125,75,1734275494767
33e43d3fa1fe4013a46ebb4f814a4076,train_loss,4.1771240234375,76,1734275494801
33e43d3fa1fe4013a46ebb4f814a4076,train_loss,3.93310546875,77,1734275494826
33e43d3fa1fe4013a46ebb4f814a4076,train_loss,4.023681640625,78,1734275494851
33e43d3fa1fe4013a46ebb4f814a4076,train_loss,4.0302734375,79,1734275494878
33e43d3fa1fe4013a46ebb4f814a4076,train_loss,3.8485107421875,80,1734275494904
33e43d3fa1fe4013a46ebb4f814a4076,train_loss,3.9716796875,81,1734275494929
33e43d3fa1fe4013a46ebb4f814a4076,train_loss,4.1363525390625,82,1734275494962
33e43d3fa1fe4013a46ebb4f814a4076,train_loss,3.791259765625,83,1734275494988
33e43d3fa1fe4013a46ebb4f814a4076,train_loss,4.0015869140625,84,1734275495015
33e43d3fa1fe4013a46ebb4f814a4076,train_loss,3.937744140625,85,1734275495039
33e43d3fa1fe4013a46ebb4f814a4076,train_loss,3.9971923828125,86,1734275495066
33e43d3fa1fe4013a46ebb4f814a4076,train_loss,3.96484375,87,1734275495092
33e43d3fa1fe4013a46ebb4f814a4076,train_loss,3.8192138671875,88,1734275495117
33e43d3fa1fe4013a46ebb4f814a4076,train_loss,3.888671875,89,1734275495142
33e43d3fa1fe4013a46ebb4f814a4076,train_loss,3.8980712890625,90,1734275495169
33e43d3fa1fe4013a46ebb4f814a4076,train_loss,3.9046630859375,91,1734275495195
33e43d3fa1fe4013a46ebb4f814a4076,train_loss,4.0706787109375,92,1734275495219
33e43d3fa1fe4013a46ebb4f814a4076,train_loss,4.0545654296875,93,1734275495244
33e43d3fa1fe4013a46ebb4f814a4076,train_loss,3.7442626953125,94,1734275495270
33e43d3fa1fe4013a46ebb4f814a4076,train_loss,3.8587646484375,95,1734275495298
33e43d3fa1fe4013a46ebb4f814a4076,train_loss,3.639404296875,96,1734275495323
33e43d3fa1fe4013a46ebb4f814a4076,train_loss,3.9459228515625,97,1734275495349
33e43d3fa1fe4013a46ebb4f814a4076,train_loss,3.972412109375,98,1734275495375
33e43d3fa1fe4013a46ebb4f814a4076,train_loss,3.96240234375,99,1734275495403
33e43d3fa1fe4013a46ebb4f814a4076,train_loss,3.917236328125,100,1734275495426
33e43d3fa1fe4013a46ebb4f814a4076,train_loss,3.80419921875,101,1734275495449
33e43d3fa1fe4013a46ebb4f814a4076,train_loss,3.79345703125,102,1734275495476
33e43d3fa1fe4013a46ebb4f814a4076,train_loss,3.962890625,103,1734275495502
33e43d3fa1fe4013a46ebb4f814a4076,train_loss,3.913818359375,104,1734275495528
33e43d3fa1fe4013a46ebb4f814a4076,train_loss,3.9366455078125,105,1734275495553
33e43d3fa1fe4013a46ebb4f814a4076,train_loss,3.6026611328125,106,1734275495577
33e43d3fa1fe4013a46ebb4f814a4076,train_loss,3.7149658203125,107,1734275495601
33e43d3fa1fe4013a46ebb4f814a4076,train_loss,4.112060546875,108,1734275495626
33e43d3fa1fe4013a46ebb4f814a4076,train_loss,3.787841796875,109,1734275495650
33e43d3fa1fe4013a46ebb4f814a4076,train_loss,3.7027587890625,110,1734275495676
33e43d3fa1fe4013a46ebb4f814a4076,train_loss,3.8782958984375,111,1734275495703
33e43d3fa1fe4013a46ebb4f814a4076,train_loss,3.82861328125,112,1734275495731
33e43d3fa1fe4013a46ebb4f814a4076,train_loss,3.61883544921875,113,1734275495756
33e43d3fa1fe4013a46ebb4f814a4076,train_loss,3.8681640625,114,1734275495781
33e43d3fa1fe4013a46ebb4f814a4076,train_loss,3.897216796875,115,1734275495805
33e43d3fa1fe4013a46ebb4f814a4076,train_loss,3.51953125,116,1734275495832
33e43d3fa1fe4013a46ebb4f814a4076,train_loss,3.7425537109375,117,1734275495859
33e43d3fa1fe4013a46ebb4f814a4076,train_loss,3.64947509765625,118,1734275495885
33e43d3fa1fe4013a46ebb4f814a4076,train_loss,4.162109375,119,1734275495909
33e43d3fa1fe4013a46ebb4f814a4076,train_loss,3.7353515625,120,1734275495935
33e43d3fa1fe4013a46ebb4f814a4076,train_loss,3.9603271484375,121,1734275495961
33e43d3fa1fe4013a46ebb4f814a4076,train_loss,3.666015625,122,1734275495985
33e43d3fa1fe4013a46ebb4f814a4076,train_loss,3.8961181640625,123,1734275496014
33e43d3fa1fe4013a46ebb4f814a4076,train_loss,3.7943115234375,124,1734275496041
33e43d3fa1fe4013a46ebb4f814a4076,train_loss,3.7435302734375,125,1734275496067
33e43d3fa1fe4013a46ebb4f814a4076,train_loss,3.9154052734375,126,1734275496092
33e43d3fa1fe4013a46ebb4f814a4076,train_loss,3.642333984375,127,1734275496116
33e43d3fa1fe4013a46ebb4f814a4076,train_loss,3.680908203125,128,1734275496143
33e43d3fa1fe4013a46ebb4f814a4076,train_loss,3.626708984375,129,1734275496167
33e43d3fa1fe4013a46ebb4f814a4076,train_loss,3.9097900390625,130,1734275496192
33e43d3fa1fe4013a46ebb4f814a4076,train_loss,3.6016845703125,131,1734275496217
33e43d3fa1fe4013a46ebb4f814a4076,train_loss,3.8138427734375,132,1734275496242
33e43d3fa1fe4013a46ebb4f814a4076,train_loss,3.9085693359375,133,1734275496268
33e43d3fa1fe4013a46ebb4f814a4076,train_loss,3.81787109375,134,1734275496292
33e43d3fa1fe4013a46ebb4f814a4076,train_loss,3.6280517578125,135,1734275496318
33e43d3fa1fe4013a46ebb4f814a4076,train_loss,3.7130126953125,136,1734275496343
33e43d3fa1fe4013a46ebb4f814a4076,train_loss,3.8135986328125,137,1734275496370
33e43d3fa1fe4013a46ebb4f814a4076,train_loss,3.5850830078125,138,1734275496396
33e43d3fa1fe4013a46ebb4f814a4076,train_loss,3.6802978515625,139,1734275496420
33e43d3fa1fe4013a46ebb4f814a4076,train_loss,3.849365234375,140,1734275496445
33e43d3fa1fe4013a46ebb4f814a4076,train_loss,3.6669921875,141,1734275496469
33e43d3fa1fe4013a46ebb4f814a4076,train_loss,3.7791748046875,142,1734275496495
33e43d3fa1fe4013a46ebb4f814a4076,train_loss,3.902587890625,143,1734275496522
33e43d3fa1fe4013a46ebb4f814a4076,train_loss,3.5047607421875,144,1734275496548
33e43d3fa1fe4013a46ebb4f814a4076,train_loss,3.79931640625,145,1734275496577
33e43d3fa1fe4013a46ebb4f814a4076,train_loss,3.9337158203125,146,1734275496602
33e43d3fa1fe4013a46ebb4f814a4076,train_loss,3.476318359375,147,1734275496629
33e43d3fa1fe4013a46ebb4f814a4076,train_loss,3.6978759765625,148,1734275496652
33e43d3fa1fe4013a46ebb4f814a4076,train_loss,3.5413818359375,149,1734275496676
33e43d3fa1fe4013a46ebb4f814a4076,train_loss,3.7613525390625,150,1734275496701
33e43d3fa1fe4013a46ebb4f814a4076,train_loss,3.7095947265625,151,1734275496728
33e43d3fa1fe4013a46ebb4f814a4076,train_loss,3.5958251953125,152,1734275496754
33e43d3fa1fe4013a46ebb4f814a4076,train_loss,3.882568359375,153,1734275496781
33e43d3fa1fe4013a46ebb4f814a4076,train_loss,3.7359619140625,154,1734275496807
33e43d3fa1fe4013a46ebb4f814a4076,train_loss,3.6922607421875,155,1734275496833
33e43d3fa1fe4013a46ebb4f814a4076,train_loss,3.67822265625,156,1734276796100
33e43d3fa1fe4013a46ebb4f814a4076,train_loss,3.4310302734375,157,1734276796127
33e43d3fa1fe4013a46ebb4f814a4076,train_loss,3.7919921875,158,1734276796152
33e43d3fa1fe4013a46ebb4f814a4076,train_loss,3.7470703125,159,1734276796177
33e43d3fa1fe4013a46ebb4f814a4076,train_loss,3.89306640625,160,1734276796201
33e43d3fa1fe4013a46ebb4f814a4076,train_loss,3.679443359375,161,1734276796225
33e43d3fa1fe4013a46ebb4f814a4076,train_loss,3.7210693359375,162,1734276796248
33e43d3fa1fe4013a46ebb4f814a4076,train_loss,3.7412109375,163,1734276796272
33e43d3fa1fe4013a46ebb4f814a4076,train_loss,3.8582763671875,164,1734276796296
33e43d3fa1fe4013a46ebb4f814a4076,train_loss,3.5262451171875,165,1734276796322
33e43d3fa1fe4013a46ebb4f814a4076,train_loss,3.6990966796875,166,1734276796347
33e43d3fa1fe4013a46ebb4f814a4076,train_loss,3.49951171875,167,1734276796371
33e43d3fa1fe4013a46ebb4f814a4076,train_loss,4.0015869140625,168,1734276796395
33e43d3fa1fe4013a46ebb4f814a4076,train_loss,3.537841796875,169,1734276796419
33e43d3fa1fe4013a46ebb4f814a4076,train_loss,3.7540283203125,170,1734276796442
33e43d3fa1fe4013a46ebb4f814a4076,train_loss,3.6395263671875,171,1734276796467
33e43d3fa1fe4013a46ebb4f814a4076,train_loss,3.7086181640625,172,1734276796491
33e43d3fa1fe4013a46ebb4f814a4076,train_loss,3.619873046875,173,1734276796516
33e43d3fa1fe4013a46ebb4f814a4076,train_loss,3.688720703125,174,1734276796540
33e43d3fa1fe4013a46ebb4f814a4076,train_loss,3.516357421875,175,1734276796563
33e43d3fa1fe4013a46ebb4f814a4076,train_loss,3.6103515625,176,1734276796587
33e43d3fa1fe4013a46ebb4f814a4076,train_loss,3.4920654296875,177,1734276796613
33e43d3fa1fe4013a46ebb4f814a4076,train_loss,3.927978515625,178,1734276796637
33e43d3fa1fe4013a46ebb4f814a4076,train_loss,3.7001953125,179,1734276796660
33e43d3fa1fe4013a46ebb4f814a4076,train_loss,3.854248046875,180,1734276796683
33e43d3fa1fe4013a46ebb4f814a4076,train_loss,3.85546875,181,1734276796706
33e43d3fa1fe4013a46ebb4f814a4076,train_loss,3.52783203125,182,1734276796729
33e43d3fa1fe4013a46ebb4f814a4076,train_loss,3.619873046875,183,1734276796753
33e43d3fa1fe4013a46ebb4f814a4076,train_loss,3.56256103515625,184,1734276796778
33e43d3fa1fe4013a46ebb4f814a4076,train_loss,3.5513916015625,185,1734276796802
33e43d3fa1fe4013a46ebb4f814a4076,train_loss,3.66650390625,186,1734276796826
33e43d3fa1fe4013a46ebb4f814a4076,train_loss,3.595458984375,187,1734276796849
33e43d3fa1fe4013a46ebb4f814a4076,train_loss,3.694580078125,188,1734276796873
33e43d3fa1fe4013a46ebb4f814a4076,train_loss,3.627685546875,189,1734276796896
33e43d3fa1fe4013a46ebb4f814a4076,train_loss,3.58203125,190,1734276796919
33e43d3fa1fe4013a46ebb4f814a4076,train_loss,3.7623291015625,191,1734276796943
33e43d3fa1fe4013a46ebb4f814a4076,train_loss,3.739501953125,192,1734276796966
33e43d3fa1fe4013a46ebb4f814a4076,train_loss,3.7882080078125,193,1734276796990
33e43d3fa1fe4013a46ebb4f814a4076,train_loss,3.8035888671875,194,1734276797014
33e43d3fa1fe4013a46ebb4f814a4076,train_loss,3.7200927734375,195,1734276797037
33e43d3fa1fe4013a46ebb4f814a4076,train_loss,3.65576171875,196,1734276797060
33e43d3fa1fe4013a46ebb4f814a4076,train_loss,3.38470458984375,197,1734276797082
33e43d3fa1fe4013a46ebb4f814a4076,train_loss,3.65087890625,198,1734276797106
33e43d3fa1fe4013a46ebb4f814a4076,train_loss,3.7301025390625,199,1734276797129
33e43d3fa1fe4013a46ebb4f814a4076,train_loss,3.6702880859375,200,1734276797153
33e43d3fa1fe4013a46ebb4f814a4076,train_loss,3.5614013671875,201,1734276797178
33e43d3fa1fe4013a46ebb4f814a4076,train_loss,3.5015869140625,202,1734276797205
33e43d3fa1fe4013a46ebb4f814a4076,train_loss,3.795166015625,203,1734276797231
33e43d3fa1fe4013a46ebb4f814a4076,train_loss,3.515869140625,204,1734276797254
33e43d3fa1fe4013a46ebb4f814a4076,train_loss,3.6239013671875,205,1734276797277
33e43d3fa1fe4013a46ebb4f814a4076,train_loss,3.8116455078125,206,1734276797300
33e43d3fa1fe4013a46ebb4f814a4076,train_loss,3.4378662109375,207,1734276797325
33e43d3fa1fe4013a46ebb4f814a4076,train_loss,3.6885986328125,208,1734276797347
33e43d3fa1fe4013a46ebb4f814a4076,train_loss,3.7003173828125,209,1734276797370
33e43d3fa1fe4013a46ebb4f814a4076,train_loss,3.5606689453125,210,1734276797394
33e43d3fa1fe4013a46ebb4f814a4076,train_loss,3.57763671875,211,1734276797417
33e43d3fa1fe4013a46ebb4f814a4076,train_loss,3.5634765625,212,1734276797441
33e43d3fa1fe4013a46ebb4f814a4076,train_loss,3.6591796875,213,1734276797464
33e43d3fa1fe4013a46ebb4f814a4076,train_loss,3.54248046875,214,1734276797487
33e43d3fa1fe4013a46ebb4f814a4076,train_loss,3.57470703125,215,1734276797510
33e43d3fa1fe4013a46ebb4f814a4076,train_loss,3.6312255859375,216,1734276797534
33e43d3fa1fe4013a46ebb4f814a4076,train_loss,3.515380859375,217,1734276797557
33e43d3fa1fe4013a46ebb4f814a4076,train_loss,3.4730224609375,218,1734276797580
33e43d3fa1fe4013a46ebb4f814a4076,train_loss,3.887939453125,219,1734276797604
33e43d3fa1fe4013a46ebb4f814a4076,train_loss,3.6495361328125,220,1734276797626
33e43d3fa1fe4013a46ebb4f814a4076,train_loss,3.6307373046875,221,1734276797650
33e43d3fa1fe4013a46ebb4f814a4076,train_loss,3.6253662109375,222,1734276797672
33e43d3fa1fe4013a46ebb4f814a4076,train_loss,3.715087890625,223,1734276797695
33e43d3fa1fe4013a46ebb4f814a4076,train_loss,3.643310546875,224,1734276797718
33e43d3fa1fe4013a46ebb4f814a4076,train_loss,3.654296875,225,1734276797741
33e43d3fa1fe4013a46ebb4f814a4076,train_loss,3.734130859375,226,1734276797764
33e43d3fa1fe4013a46ebb4f814a4076,train_loss,3.7181396484375,227,1734276797787
33e43d3fa1fe4013a46ebb4f814a4076,train_loss,3.6051025390625,228,1734276797810
33e43d3fa1fe4013a46ebb4f814a4076,train_loss,3.68896484375,229,1734276797834
33e43d3fa1fe4013a46ebb4f814a4076,train_loss,3.5435791015625,230,1734276797856
33e43d3fa1fe4013a46ebb4f814a4076,train_loss,3.678955078125,231,1734276797879
33e43d3fa1fe4013a46ebb4f814a4076,train_loss,3.55078125,232,1734276797908
33e43d3fa1fe4013a46ebb4f814a4076,train_loss,3.5263671875,233,1734276797930
33e43d3fa1fe4013a46ebb4f814a4076,train_loss,3.44207763671875,234,1734276797954
33e43d3fa1fe4013a46ebb4f814a4076,train_loss,3.4912109375,235,1734276797978
33e43d3fa1fe4013a46ebb4f814a4076,train_loss,3.509033203125,236,1734276798000
33e43d3fa1fe4013a46ebb4f814a4076,train_loss,3.497314453125,237,1734276798024
33e43d3fa1fe4013a46ebb4f814a4076,train_loss,3.416259765625,238,1734276798047
33e43d3fa1fe4013a46ebb4f814a4076,train_loss,3.5858154296875,239,1734276798071
33e43d3fa1fe4013a46ebb4f814a4076,train_loss,3.509033203125,240,1734276798096
33e43d3fa1fe4013a46ebb4f814a4076,train_loss,3.4459228515625,241,1734276798119
33e43d3fa1fe4013a46ebb4f814a4076,train_loss,3.531005859375,242,1734276798141
33e43d3fa1fe4013a46ebb4f814a4076,train_loss,3.5948486328125,243,1734276798164
33e43d3fa1fe4013a46ebb4f814a4076,train_loss,3.5224609375,244,1734276798187
33e43d3fa1fe4013a46ebb4f814a4076,train_loss,3.564208984375,245,1734276798209
33e43d3fa1fe4013a46ebb4f814a4076,train_loss,3.593017578125,246,1734276798231
33e43d3fa1fe4013a46ebb4f814a4076,train_loss,3.612548828125,247,1734276798252
33e43d3fa1fe4013a46ebb4f814a4076,train_loss,3.5772705078125,248,1734276798278
33e43d3fa1fe4013a46ebb4f814a4076,train_loss,3.7906494140625,249,1734276798300
33e43d3fa1fe4013a46ebb4f814a4076,train_loss,3.9002685546875,250,1734276798322
33e43d3fa1fe4013a46ebb4f814a4076,train_loss,3.7669677734375,251,1734276798344
33e43d3fa1fe4013a46ebb4f814a4076,train_loss,3.6512451171875,252,1734276798366
33e43d3fa1fe4013a46ebb4f814a4076,train_loss,3.5263671875,253,1734276798388
33e43d3fa1fe4013a46ebb4f814a4076,train_loss,3.742431640625,254,1734276798411
33e43d3fa1fe4013a46ebb4f814a4076,train_loss,3.6422119140625,255,1734276798433
33e43d3fa1fe4013a46ebb4f814a4076,train_loss,3.4742431640625,256,1734276798456
33e43d3fa1fe4013a46ebb4f814a4076,train_loss,3.50042724609375,257,1734276798478
33e43d3fa1fe4013a46ebb4f814a4076,train_loss,3.6285400390625,258,1734276798500
33e43d3fa1fe4013a46ebb4f814a4076,train_loss,3.8463134765625,259,1734276798523
33e43d3fa1fe4013a46ebb4f814a4076,train_loss,3.2508544921875,260,1734276798546
33e43d3fa1fe4013a46ebb4f814a4076,train_loss,3.5594482421875,261,1734276798568
33e43d3fa1fe4013a46ebb4f814a4076,train_loss,3.6627197265625,262,1734276798590
33e43d3fa1fe4013a46ebb4f814a4076,train_loss,3.9384765625,263,1734276798612
33e43d3fa1fe4013a46ebb4f814a4076,train_loss,3.5250244140625,264,1734276798635
33e43d3fa1fe4013a46ebb4f814a4076,train_loss,3.5697021484375,265,1734276798657
33e43d3fa1fe4013a46ebb4f814a4076,train_loss,3.4696044921875,266,1734276798680
33e43d3fa1fe4013a46ebb4f814a4076,train_loss,3.5657958984375,267,1734276798701
33e43d3fa1fe4013a46ebb4f814a4076,train_loss,3.4990234375,268,1734276798725
33e43d3fa1fe4013a46ebb4f814a4076,train_loss,3.6107177734375,269,1734276798747
33e43d3fa1fe4013a46ebb4f814a4076,train_loss,3.33203125,270,1734276798769
33e43d3fa1fe4013a46ebb4f814a4076,train_loss,3.654296875,271,1734276798792
33e43d3fa1fe4013a46ebb4f814a4076,train_loss,3.6669921875,272,1734276798814
33e43d3fa1fe4013a46ebb4f814a4076,train_loss,3.583740234375,273,1734276798838
33e43d3fa1fe4013a46ebb4f814a4076,train_loss,3.5545654296875,274,1734276798860
33e43d3fa1fe4013a46ebb4f814a4076,train_loss,3.4871826171875,275,1734276798884
33e43d3fa1fe4013a46ebb4f814a4076,train_loss,3.559814453125,276,1734276798908
33e43d3fa1fe4013a46ebb4f814a4076,train_loss,3.639404296875,277,1734276798932
33e43d3fa1fe4013a46ebb4f814a4076,train_loss,3.40673828125,278,1734276798955
33e43d3fa1fe4013a46ebb4f814a4076,train_loss,3.680908203125,279,1734276798978
33e43d3fa1fe4013a46ebb4f814a4076,train_loss,3.5052490234375,280,1734276799001
33e43d3fa1fe4013a46ebb4f814a4076,train_loss,3.6434326171875,281,1734276799026
33e43d3fa1fe4013a46ebb4f814a4076,train_loss,3.46484375,282,1734276799050
33e43d3fa1fe4013a46ebb4f814a4076,train_loss,3.6595458984375,283,1734276799074
33e43d3fa1fe4013a46ebb4f814a4076,train_loss,3.6864013671875,284,1734276799098
33e43d3fa1fe4013a46ebb4f814a4076,train_loss,3.565673828125,285,1734276799123
33e43d3fa1fe4013a46ebb4f814a4076,train_loss,3.2591552734375,286,1734276799147
33e43d3fa1fe4013a46ebb4f814a4076,train_loss,3.41552734375,287,1734276799171
33e43d3fa1fe4013a46ebb4f814a4076,train_loss,3.42041015625,288,1734276799195
33e43d3fa1fe4013a46ebb4f814a4076,train_loss,3.4857177734375,289,1734276799218
33e43d3fa1fe4013a46ebb4f814a4076,train_loss,3.634765625,290,1734276799243
33e43d3fa1fe4013a46ebb4f814a4076,train_loss,3.6531982421875,291,1734276799266
33e43d3fa1fe4013a46ebb4f814a4076,train_loss,3.578125,292,1734276799289
33e43d3fa1fe4013a46ebb4f814a4076,train_loss,3.70556640625,293,1734276799314
33e43d3fa1fe4013a46ebb4f814a4076,train_loss,3.494873046875,294,1734276799338
33e43d3fa1fe4013a46ebb4f814a4076,train_loss,3.4385986328125,295,1734276799360
33e43d3fa1fe4013a46ebb4f814a4076,train_loss,3.594970703125,296,1734276799387
33e43d3fa1fe4013a46ebb4f814a4076,train_loss,3.4298095703125,297,1734276799410
33e43d3fa1fe4013a46ebb4f814a4076,train_loss,3.3031005859375,298,1734276799435
33e43d3fa1fe4013a46ebb4f814a4076,train_loss,3.5576171875,299,1734276799459
33e43d3fa1fe4013a46ebb4f814a4076,train_loss,3.4866943359375,300,1734276799483
33e43d3fa1fe4013a46ebb4f814a4076,train_loss,3.5517578125,301,1734276799507
33e43d3fa1fe4013a46ebb4f814a4076,train_loss,3.5621337890625,302,1734276799531
33e43d3fa1fe4013a46ebb4f814a4076,train_loss,3.32855224609375,303,1734276799553
33e43d3fa1fe4013a46ebb4f814a4076,train_loss,3.572265625,304,1734276799577
33e43d3fa1fe4013a46ebb4f814a4076,train_loss,3.837646484375,305,1734276799601
33e43d3fa1fe4013a46ebb4f814a4076,train_loss,3.3875732421875,306,1734276799628
33e43d3fa1fe4013a46ebb4f814a4076,train_loss,3.4498291015625,307,1734276799653
33e43d3fa1fe4013a46ebb4f814a4076,train_loss,3.3927001953125,308,1734276799678
33e43d3fa1fe4013a46ebb4f814a4076,train_loss,3.5902876420454546,309,1734276799702
33e43d3fa1fe4013a46ebb4f814a4076,train_loss,3.2576904296875,310,1734276799725
33e43d3fa1fe4013a46ebb4f814a4076,train_loss,3.498291015625,311,1734276799748
33e43d3fa1fe4013a46ebb4f814a4076,train_loss,3.598388671875,312,1734278095106
33e43d3fa1fe4013a46ebb4f814a4076,train_loss,3.340087890625,313,1734278095130
33e43d3fa1fe4013a46ebb4f814a4076,train_loss,3.453125,314,1734278095152
33e43d3fa1fe4013a46ebb4f814a4076,train_loss,3.2940673828125,315,1734278095173
33e43d3fa1fe4013a46ebb4f814a4076,train_loss,3.4564208984375,316,1734278095196
33e43d3fa1fe4013a46ebb4f814a4076,train_loss,3.197265625,317,1734278095219
33e43d3fa1fe4013a46ebb4f814a4076,train_loss,3.5181884765625,318,1734278095240
33e43d3fa1fe4013a46ebb4f814a4076,train_loss,3.5469970703125,319,1734278095261
33e43d3fa1fe4013a46ebb4f814a4076,train_loss,3.4088134765625,320,1734278095282
33e43d3fa1fe4013a46ebb4f814a4076,train_loss,3.3863525390625,321,1734278095302
33e43d3fa1fe4013a46ebb4f814a4076,train_loss,3.4510498046875,322,1734278095322
33e43d3fa1fe4013a46ebb4f814a4076,train_loss,3.41607666015625,323,1734278095342
33e43d3fa1fe4013a46ebb4f814a4076,train_loss,3.3525390625,324,1734278095363
33e43d3fa1fe4013a46ebb4f814a4076,train_loss,3.2421875,325,1734278095384
33e43d3fa1fe4013a46ebb4f814a4076,train_loss,3.3031005859375,326,1734278095405
33e43d3fa1fe4013a46ebb4f814a4076,train_loss,3.3944091796875,327,1734278095427
33e43d3fa1fe4013a46ebb4f814a4076,train_loss,3.20947265625,328,1734278095449
33e43d3fa1fe4013a46ebb4f814a4076,train_loss,3.155517578125,329,1734278095470
33e43d3fa1fe4013a46ebb4f814a4076,train_loss,3.55224609375,330,1734278095490
33e43d3fa1fe4013a46ebb4f814a4076,train_loss,3.333740234375,331,1734278095510
33e43d3fa1fe4013a46ebb4f814a4076,train_loss,3.6146240234375,332,1734278095530
33e43d3fa1fe4013a46ebb4f814a4076,train_loss,3.429931640625,333,1734278095550
33e43d3fa1fe4013a46ebb4f814a4076,train_loss,3.39404296875,334,1734278095571
33e43d3fa1fe4013a46ebb4f814a4076,train_loss,3.3095703125,335,1734278095592
33e43d3fa1fe4013a46ebb4f814a4076,train_loss,3.22296142578125,336,1734278095612
33e43d3fa1fe4013a46ebb4f814a4076,train_loss,3.6505126953125,337,1734278095632
33e43d3fa1fe4013a46ebb4f814a4076,train_loss,3.44482421875,338,1734278095653
33e43d3fa1fe4013a46ebb4f814a4076,train_loss,3.3333740234375,339,1734278095674
33e43d3fa1fe4013a46ebb4f814a4076,train_loss,3.398193359375,340,1734278095695
33e43d3fa1fe4013a46ebb4f814a4076,train_loss,3.329345703125,341,1734278095719
33e43d3fa1fe4013a46ebb4f814a4076,train_loss,3.57568359375,342,1734278095744
33e43d3fa1fe4013a46ebb4f814a4076,train_loss,3.5439453125,343,1734278095765
33e43d3fa1fe4013a46ebb4f814a4076,train_loss,3.28759765625,344,1734278095787
33e43d3fa1fe4013a46ebb4f814a4076,train_loss,3.494384765625,345,1734278095808
33e43d3fa1fe4013a46ebb4f814a4076,train_loss,3.473876953125,346,1734278095830
33e43d3fa1fe4013a46ebb4f814a4076,train_loss,3.622802734375,347,1734278095850
33e43d3fa1fe4013a46ebb4f814a4076,train_loss,3.2314453125,348,1734278095871
33e43d3fa1fe4013a46ebb4f814a4076,train_loss,3.3035888671875,349,1734278095892
33e43d3fa1fe4013a46ebb4f814a4076,train_loss,3.2723388671875,350,1734278095912
33e43d3fa1fe4013a46ebb4f814a4076,train_loss,3.3826904296875,351,1734278095935
33e43d3fa1fe4013a46ebb4f814a4076,train_loss,3.4189453125,352,1734278095955
33e43d3fa1fe4013a46ebb4f814a4076,train_loss,3.5545654296875,353,1734278095975
33e43d3fa1fe4013a46ebb4f814a4076,train_loss,3.4635009765625,354,1734278095995
33e43d3fa1fe4013a46ebb4f814a4076,train_loss,3.26055908203125,355,1734278096017
33e43d3fa1fe4013a46ebb4f814a4076,train_loss,3.3739013671875,356,1734278096039
33e43d3fa1fe4013a46ebb4f814a4076,train_loss,3.3309326171875,357,1734278096059
33e43d3fa1fe4013a46ebb4f814a4076,train_loss,3.43316650390625,358,1734278096079
33e43d3fa1fe4013a46ebb4f814a4076,train_loss,3.346923828125,359,1734278096099
33e43d3fa1fe4013a46ebb4f814a4076,train_loss,3.49658203125,360,1734278096120
33e43d3fa1fe4013a46ebb4f814a4076,train_loss,3.447265625,361,1734278096140
33e43d3fa1fe4013a46ebb4f814a4076,train_loss,3.4677734375,362,1734278096161
33e43d3fa1fe4013a46ebb4f814a4076,train_loss,3.452880859375,363,1734278096182
33e43d3fa1fe4013a46ebb4f814a4076,train_loss,3.2850341796875,364,1734278096203
33e43d3fa1fe4013a46ebb4f814a4076,train_loss,3.3951416015625,365,1734278096222
33e43d3fa1fe4013a46ebb4f814a4076,train_loss,3.68408203125,366,1734278096242
33e43d3fa1fe4013a46ebb4f814a4076,train_loss,3.20068359375,367,1734278096262
33e43d3fa1fe4013a46ebb4f814a4076,train_loss,3.4371337890625,368,1734278096281
33e43d3fa1fe4013a46ebb4f814a4076,train_loss,3.295654296875,369,1734278096300
33e43d3fa1fe4013a46ebb4f814a4076,train_loss,3.4781494140625,370,1734278096320
33e43d3fa1fe4013a46ebb4f814a4076,train_loss,3.09149169921875,371,1734278096341
33e43d3fa1fe4013a46ebb4f814a4076,train_loss,3.468994140625,372,1734278096361
33e43d3fa1fe4013a46ebb4f814a4076,train_loss,3.1839599609375,373,1734278096383
33e43d3fa1fe4013a46ebb4f814a4076,train_loss,3.5430908203125,374,1734278096406
33e43d3fa1fe4013a46ebb4f814a4076,train_loss,3.4835205078125,375,1734278096429
33e43d3fa1fe4013a46ebb4f814a4076,train_loss,3.2921142578125,376,1734278096450
33e43d3fa1fe4013a46ebb4f814a4076,train_loss,3.3135986328125,377,1734278096471
33e43d3fa1fe4013a46ebb4f814a4076,train_loss,3.1551513671875,378,1734278096491
33e43d3fa1fe4013a46ebb4f814a4076,train_loss,3.3856201171875,379,1734278096510
33e43d3fa1fe4013a46ebb4f814a4076,train_loss,3.29681396484375,380,1734278096531
33e43d3fa1fe4013a46ebb4f814a4076,train_loss,3.3436279296875,381,1734278096552
33e43d3fa1fe4013a46ebb4f814a4076,train_loss,3.3216552734375,382,1734278096573
33e43d3fa1fe4013a46ebb4f814a4076,train_loss,3.197509765625,383,1734278096594
33e43d3fa1fe4013a46ebb4f814a4076,train_loss,3.3768310546875,384,1734278096617
33e43d3fa1fe4013a46ebb4f814a4076,train_loss,3.451171875,385,1734278096638
33e43d3fa1fe4013a46ebb4f814a4076,train_loss,3.50927734375,386,1734278096660
33e43d3fa1fe4013a46ebb4f814a4076,train_loss,3.2291259765625,387,1734278096683
33e43d3fa1fe4013a46ebb4f814a4076,train_loss,3.339599609375,388,1734278096705
33e43d3fa1fe4013a46ebb4f814a4076,train_loss,3.259521484375,389,1734278096728
33e43d3fa1fe4013a46ebb4f814a4076,train_loss,3.3031005859375,390,1734278096748
33e43d3fa1fe4013a46ebb4f814a4076,train_loss,3.364501953125,391,1734278096768
33e43d3fa1fe4013a46ebb4f814a4076,train_loss,3.3028564453125,392,1734278096788
33e43d3fa1fe4013a46ebb4f814a4076,train_loss,3.3912353515625,393,1734278096808
33e43d3fa1fe4013a46ebb4f814a4076,train_loss,3.5205078125,394,1734278096831
33e43d3fa1fe4013a46ebb4f814a4076,train_loss,3.5860595703125,395,1734278096851
33e43d3fa1fe4013a46ebb4f814a4076,train_loss,3.3172607421875,396,1734278096874
33e43d3fa1fe4013a46ebb4f814a4076,train_loss,3.27099609375,397,1734278096895
33e43d3fa1fe4013a46ebb4f814a4076,train_loss,3.2176513671875,398,1734278096916
33e43d3fa1fe4013a46ebb4f814a4076,train_loss,3.44482421875,399,1734278096936
33e43d3fa1fe4013a46ebb4f814a4076,train_loss,3.339111328125,400,1734278096958
33e43d3fa1fe4013a46ebb4f814a4076,train_loss,3.4097900390625,401,1734278096979
33e43d3fa1fe4013a46ebb4f814a4076,train_loss,3.50634765625,402,1734278097000
33e43d3fa1fe4013a46ebb4f814a4076,train_loss,3.7314453125,403,1734278097021
33e43d3fa1fe4013a46ebb4f814a4076,train_loss,3.2603759765625,404,1734278097042
33e43d3fa1fe4013a46ebb4f814a4076,train_loss,3.2930908203125,405,1734278097063
33e43d3fa1fe4013a46ebb4f814a4076,train_loss,3.2884521484375,406,1734278097084
33e43d3fa1fe4013a46ebb4f814a4076,train_loss,3.242919921875,407,1734278097106
33e43d3fa1fe4013a46ebb4f814a4076,train_loss,3.5389404296875,408,1734278097127
33e43d3fa1fe4013a46ebb4f814a4076,train_loss,3.36669921875,409,1734278097148
33e43d3fa1fe4013a46ebb4f814a4076,train_loss,3.507568359375,410,1734278097170
33e43d3fa1fe4013a46ebb4f814a4076,train_loss,3.5574951171875,411,1734278097192
33e43d3fa1fe4013a46ebb4f814a4076,train_loss,3.3704833984375,412,1734278097217
33e43d3fa1fe4013a46ebb4f814a4076,train_loss,3.23736572265625,413,1734278097238
33e43d3fa1fe4013a46ebb4f814a4076,train_loss,3.417236328125,414,1734278097257
33e43d3fa1fe4013a46ebb4f814a4076,train_loss,3.1708984375,415,1734278097277
33e43d3fa1fe4013a46ebb4f814a4076,train_loss,3.3270263671875,416,1734278097298
33e43d3fa1fe4013a46ebb4f814a4076,train_loss,3.3780517578125,417,1734278097317
33e43d3fa1fe4013a46ebb4f814a4076,train_loss,3.42529296875,418,1734278097337
33e43d3fa1fe4013a46ebb4f814a4076,train_loss,3.5478515625,419,1734278097358
33e43d3fa1fe4013a46ebb4f814a4076,train_loss,3.5228271484375,420,1734278097378
33e43d3fa1fe4013a46ebb4f814a4076,train_loss,3.522705078125,421,1734278097399
33e43d3fa1fe4013a46ebb4f814a4076,train_loss,3.43896484375,422,1734278097418
33e43d3fa1fe4013a46ebb4f814a4076,train_loss,3.3643798828125,423,1734278097440
33e43d3fa1fe4013a46ebb4f814a4076,train_loss,3.119384765625,424,1734278097459
33e43d3fa1fe4013a46ebb4f814a4076,train_loss,3.248779296875,425,1734278097479
33e43d3fa1fe4013a46ebb4f814a4076,train_loss,3.361083984375,426,1734278097499
33e43d3fa1fe4013a46ebb4f814a4076,train_loss,3.4693603515625,427,1734278097518
33e43d3fa1fe4013a46ebb4f814a4076,train_loss,3.12908935546875,428,1734278097539
33e43d3fa1fe4013a46ebb4f814a4076,train_loss,3.5286865234375,429,1734278097559
33e43d3fa1fe4013a46ebb4f814a4076,train_loss,3.4384765625,430,1734278097578
33e43d3fa1fe4013a46ebb4f814a4076,train_loss,3.400146484375,431,1734278097600
33e43d3fa1fe4013a46ebb4f814a4076,train_loss,3.35369873046875,432,1734278097622
33e43d3fa1fe4013a46ebb4f814a4076,train_loss,3.2275390625,433,1734278097642
33e43d3fa1fe4013a46ebb4f814a4076,train_loss,3.40087890625,434,1734278097662
33e43d3fa1fe4013a46ebb4f814a4076,train_loss,3.1312255859375,435,1734278097685
33e43d3fa1fe4013a46ebb4f814a4076,train_loss,3.6810302734375,436,1734278097706
33e43d3fa1fe4013a46ebb4f814a4076,train_loss,3.595947265625,437,1734278097728
33e43d3fa1fe4013a46ebb4f814a4076,train_loss,3.3035888671875,438,1734278097749
33e43d3fa1fe4013a46ebb4f814a4076,train_loss,3.4095458984375,439,1734278097771
33e43d3fa1fe4013a46ebb4f814a4076,train_loss,3.2501220703125,440,1734278097791
33e43d3fa1fe4013a46ebb4f814a4076,train_loss,3.279541015625,441,1734278097811
33e43d3fa1fe4013a46ebb4f814a4076,train_loss,3.4259033203125,442,1734278097832
33e43d3fa1fe4013a46ebb4f814a4076,train_loss,3.54736328125,443,1734278097854
33e43d3fa1fe4013a46ebb4f814a4076,train_loss,3.3125,444,1734278097873
33e43d3fa1fe4013a46ebb4f814a4076,train_loss,3.22607421875,445,1734278097893
33e43d3fa1fe4013a46ebb4f814a4076,train_loss,3.37353515625,446,1734278097913
33e43d3fa1fe4013a46ebb4f814a4076,train_loss,3.35791015625,447,1734278097932
33e43d3fa1fe4013a46ebb4f814a4076,train_loss,3.427978515625,448,1734278097952
33e43d3fa1fe4013a46ebb4f814a4076,train_loss,3.4473876953125,449,1734278097971
33e43d3fa1fe4013a46ebb4f814a4076,train_loss,3.2554931640625,450,1734278097991
33e43d3fa1fe4013a46ebb4f814a4076,train_loss,3.25634765625,451,1734278098010
33e43d3fa1fe4013a46ebb4f814a4076,train_loss,3.2891845703125,452,1734278098032
33e43d3fa1fe4013a46ebb4f814a4076,train_loss,3.3675537109375,453,1734278098052
33e43d3fa1fe4013a46ebb4f814a4076,train_loss,3.24774169921875,454,1734278098071
33e43d3fa1fe4013a46ebb4f814a4076,train_loss,3.1304931640625,455,1734278098091
33e43d3fa1fe4013a46ebb4f814a4076,train_loss,3.449951171875,456,1734278098113
33e43d3fa1fe4013a46ebb4f814a4076,train_loss,2.971221923828125,457,1734278098132
33e43d3fa1fe4013a46ebb4f814a4076,train_loss,3.24755859375,458,1734278098153
33e43d3fa1fe4013a46ebb4f814a4076,train_loss,3.078857421875,459,1734278098172
33e43d3fa1fe4013a46ebb4f814a4076,train_loss,3.3233642578125,460,1734278098192
33e43d3fa1fe4013a46ebb4f814a4076,train_loss,3.3363037109375,461,1734278098212
33e43d3fa1fe4013a46ebb4f814a4076,train_loss,3.4296875,462,1734278098233
33e43d3fa1fe4013a46ebb4f814a4076,train_loss,3.2978515625,463,1734278098253
33e43d3fa1fe4013a46ebb4f814a4076,train_loss,3.4783935546875,464,1734278098274
33e43d3fa1fe4013a46ebb4f814a4076,train_loss,3.4373779296875,465,1734278098295
33e43d3fa1fe4013a46ebb4f814a4076,train_loss,3.247314453125,466,1734278098315
33e43d3fa1fe4013a46ebb4f814a4076,train_loss,3.39990234375,467,1734278098335
33e43d3fa1fe4013a46ebb4f814a4076,train_perplexity,54.9793701171875,0,1734275492836
33e43d3fa1fe4013a46ebb4f814a4076,train_perplexity,61.46133041381836,1,1734275492864
33e43d3fa1fe4013a46ebb4f814a4076,train_perplexity,59.51948165893555,2,1734275492893
33e43d3fa1fe4013a46ebb4f814a4076,train_perplexity,66.28540802001953,3,1734275492918
33e43d3fa1fe4013a46ebb4f814a4076,train_perplexity,75.29480743408203,4,1734275492944
33e43d3fa1fe4013a46ebb4f814a4076,train_perplexity,70.08830261230469,5,1734275492971
33e43d3fa1fe4013a46ebb4f814a4076,train_perplexity,68.0647201538086,6,1734275492996
33e43d3fa1fe4013a46ebb4f814a4076,train_perplexity,68.71588897705078,7,1734275493022
33e43d3fa1fe4013a46ebb4f814a4076,train_perplexity,84.55294799804688,8,1734275493047
33e43d3fa1fe4013a46ebb4f814a4076,train_perplexity,82.0115737915039,9,1734275493073
33e43d3fa1fe4013a46ebb4f814a4076,train_perplexity,71.80296325683594,10,1734275493097
33e43d3fa1fe4013a46ebb4f814a4076,train_perplexity,97.85591125488281,11,1734275493124
33e43d3fa1fe4013a46ebb4f814a4076,train_perplexity,79.41075134277344,12,1734275493148
33e43d3fa1fe4013a46ebb4f814a4076,train_perplexity,115.47146606445312,13,1734275493173
33e43d3fa1fe4013a46ebb4f814a4076,train_perplexity,103.34382629394531,14,1734275493198
33e43d3fa1fe4013a46ebb4f814a4076,train_perplexity,109.21947479248047,15,1734275493223
33e43d3fa1fe4013a46ebb4f814a4076,train_perplexity,71.41834259033203,16,1734275493247
33e43d3fa1fe4013a46ebb4f814a4076,train_perplexity,72.15442657470703,17,1734275493273
33e43d3fa1fe4013a46ebb4f814a4076,train_perplexity,96.43292236328125,18,1734275493298
33e43d3fa1fe4013a46ebb4f814a4076,train_perplexity,97.95152282714844,19,1734275493323
33e43d3fa1fe4013a46ebb4f814a4076,train_perplexity,80.47442626953125,20,1734275493350
33e43d3fa1fe4013a46ebb4f814a4076,train_perplexity,74.89147186279297,21,1734275493374
33e43d3fa1fe4013a46ebb4f814a4076,train_perplexity,81.00665283203125,22,1734275493399
33e43d3fa1fe4013a46ebb4f814a4076,train_perplexity,87.29020690917969,23,1734275493424
33e43d3fa1fe4013a46ebb4f814a4076,train_perplexity,76.77986145019531,24,1734275493449
33e43d3fa1fe4013a46ebb4f814a4076,train_perplexity,71.07913970947266,25,1734275493474
33e43d3fa1fe4013a46ebb4f814a4076,train_perplexity,69.94300079345703,26,1734275493499
33e43d3fa1fe4013a46ebb4f814a4076,train_perplexity,84.32617950439453,27,1734275493525
33e43d3fa1fe4013a46ebb4f814a4076,train_perplexity,73.1566162109375,28,1734275493551
33e43d3fa1fe4013a46ebb4f814a4076,train_perplexity,75.03788757324219,29,1734275493576
33e43d3fa1fe4013a46ebb4f814a4076,train_perplexity,79.30419158935547,30,1734275493603
33e43d3fa1fe4013a46ebb4f814a4076,train_perplexity,50.10207748413086,31,1734275493630
33e43d3fa1fe4013a46ebb4f814a4076,train_perplexity,63.80833435058594,32,1734275493654
33e43d3fa1fe4013a46ebb4f814a4076,train_perplexity,57.86458206176758,33,1734275493682
33e43d3fa1fe4013a46ebb4f814a4076,train_perplexity,68.74945068359375,34,1734275493708
33e43d3fa1fe4013a46ebb4f814a4076,train_perplexity,70.6466293334961,35,1734275493735
33e43d3fa1fe4013a46ebb4f814a4076,train_perplexity,96.70404815673828,36,1734275493761
33e43d3fa1fe4013a46ebb4f814a4076,train_perplexity,79.498046875,37,1734275493786
33e43d3fa1fe4013a46ebb4f814a4076,train_perplexity,75.95948791503906,38,1734275493813
33e43d3fa1fe4013a46ebb4f814a4076,train_perplexity,85.22650909423828,39,1734275493840
33e43d3fa1fe4013a46ebb4f814a4076,train_perplexity,62.74243927001953,40,1734275493866
33e43d3fa1fe4013a46ebb4f814a4076,train_perplexity,69.89179229736328,41,1734275493891
33e43d3fa1fe4013a46ebb4f814a4076,train_perplexity,74.69973754882812,42,1734275493915
33e43d3fa1fe4013a46ebb4f814a4076,train_perplexity,67.55152130126953,43,1734275493940
33e43d3fa1fe4013a46ebb4f814a4076,train_perplexity,52.14881896972656,44,1734275493965
33e43d3fa1fe4013a46ebb4f814a4076,train_perplexity,56.821624755859375,45,1734275493989
33e43d3fa1fe4013a46ebb4f814a4076,train_perplexity,66.59359741210938,46,1734275494016
33e43d3fa1fe4013a46ebb4f814a4076,train_perplexity,80.38606262207031,47,1734275494042
33e43d3fa1fe4013a46ebb4f814a4076,train_perplexity,57.030094146728516,48,1734275494067
33e43d3fa1fe4013a46ebb4f814a4076,train_perplexity,64.74200439453125,49,1734275494092
33e43d3fa1fe4013a46ebb4f814a4076,train_perplexity,54.81184005737305,50,1734275494117
33e43d3fa1fe4013a46ebb4f814a4076,train_perplexity,55.363250732421875,51,1734275494143
33e43d3fa1fe4013a46ebb4f814a4076,train_perplexity,60.26520538330078,52,1734275494168
33e43d3fa1fe4013a46ebb4f814a4076,train_perplexity,71.69786071777344,53,1734275494195
33e43d3fa1fe4013a46ebb4f814a4076,train_perplexity,54.107173919677734,54,1734275494219
33e43d3fa1fe4013a46ebb4f814a4076,train_perplexity,63.188236236572266,55,1734275494245
33e43d3fa1fe4013a46ebb4f814a4076,train_perplexity,50.791770935058594,56,1734275494270
33e43d3fa1fe4013a46ebb4f814a4076,train_perplexity,53.35292053222656,57,1734275494295
33e43d3fa1fe4013a46ebb4f814a4076,train_perplexity,68.04810333251953,58,1734275494323
33e43d3fa1fe4013a46ebb4f814a4076,train_perplexity,58.489524841308594,59,1734275494350
33e43d3fa1fe4013a46ebb4f814a4076,train_perplexity,66.1883773803711,60,1734275494375
33e43d3fa1fe4013a46ebb4f814a4076,train_perplexity,46.28031921386719,61,1734275494399
33e43d3fa1fe4013a46ebb4f814a4076,train_perplexity,61.68682098388672,62,1734275494424
33e43d3fa1fe4013a46ebb4f814a4076,train_perplexity,68.48978424072266,63,1734275494450
33e43d3fa1fe4013a46ebb4f814a4076,train_perplexity,56.81468963623047,64,1734275494475
33e43d3fa1fe4013a46ebb4f814a4076,train_perplexity,47.129791259765625,65,1734275494500
33e43d3fa1fe4013a46ebb4f814a4076,train_perplexity,55.31596374511719,66,1734275494525
33e43d3fa1fe4013a46ebb4f814a4076,train_perplexity,51.371673583984375,67,1734275494553
33e43d3fa1fe4013a46ebb4f814a4076,train_perplexity,64.4423828125,68,1734275494580
33e43d3fa1fe4013a46ebb4f814a4076,train_perplexity,54.7182502746582,69,1734275494611
33e43d3fa1fe4013a46ebb4f814a4076,train_perplexity,57.52652359008789,70,1734275494642
33e43d3fa1fe4013a46ebb4f814a4076,train_perplexity,57.52652359008789,71,1734275494673
33e43d3fa1fe4013a46ebb4f814a4076,train_perplexity,55.29570770263672,72,1734275494701
33e43d3fa1fe4013a46ebb4f814a4076,train_perplexity,54.53154373168945,73,1734275494728
33e43d3fa1fe4013a46ebb4f814a4076,train_perplexity,63.42006301879883,74,1734275494754
33e43d3fa1fe4013a46ebb4f814a4076,train_perplexity,54.45172119140625,75,1734275494788
33e43d3fa1fe4013a46ebb4f814a4076,train_perplexity,65.17813110351562,76,1734275494813
33e43d3fa1fe4013a46ebb4f814a4076,train_perplexity,51.06531524658203,77,1734275494839
33e43d3fa1fe4013a46ebb4f814a4076,train_perplexity,55.90655517578125,78,1734275494864
33e43d3fa1fe4013a46ebb4f814a4076,train_perplexity,56.27629852294922,79,1734275494890
33e43d3fa1fe4013a46ebb4f814a4076,train_perplexity,46.92313003540039,80,1734275494916
33e43d3fa1fe4013a46ebb4f814a4076,train_perplexity,53.073604583740234,81,1734275494947
33e43d3fa1fe4013a46ebb4f814a4076,train_perplexity,62.57416915893555,82,1734275494975
33e43d3fa1fe4013a46ebb4f814a4076,train_perplexity,44.31218719482422,83,1734275495003
33e43d3fa1fe4013a46ebb4f814a4076,train_perplexity,54.68486022949219,84,1734275495027
33e43d3fa1fe4013a46ebb4f814a4076,train_perplexity,51.302738189697266,85,1734275495052
33e43d3fa1fe4013a46ebb4f814a4076,train_perplexity,54.44507598876953,86,1734275495079
33e43d3fa1fe4013a46ebb4f814a4076,train_perplexity,52.712032318115234,87,1734275495105
33e43d3fa1fe4013a46ebb4f814a4076,train_perplexity,45.5683708190918,88,1734275495130
33e43d3fa1fe4013a46ebb4f814a4076,train_perplexity,48.845970153808594,89,1734275495157
33e43d3fa1fe4013a46ebb4f814a4076,train_perplexity,49.30725860595703,90,1734275495182
33e43d3fa1fe4013a46ebb4f814a4076,train_perplexity,49.63335418701172,91,1734275495207
33e43d3fa1fe4013a46ebb4f814a4076,train_perplexity,58.596717834472656,92,1734275495232
33e43d3fa1fe4013a46ebb4f814a4076,train_perplexity,57.660099029541016,93,1734275495258
33e43d3fa1fe4013a46ebb4f814a4076,train_perplexity,42.27782440185547,94,1734275495283
33e43d3fa1fe4013a46ebb4f814a4076,train_perplexity,47.4067497253418,95,1734275495311
33e43d3fa1fe4013a46ebb4f814a4076,train_perplexity,38.06915283203125,96,1734275495336
33e43d3fa1fe4013a46ebb4f814a4076,train_perplexity,51.72404861450195,97,1734275495362
33e43d3fa1fe4013a46ebb4f814a4076,train_perplexity,53.11248779296875,98,1734275495389
33e43d3fa1fe4013a46ebb4f814a4076,train_perplexity,52.58349609375,99,1734275495414
33e43d3fa1fe4013a46ebb4f814a4076,train_perplexity,50.26134490966797,100,1734275495437
33e43d3fa1fe4013a46ebb4f814a4076,train_perplexity,44.88928985595703,101,1734275495463
33e43d3fa1fe4013a46ebb4f814a4076,train_perplexity,44.40966033935547,102,1734275495489
33e43d3fa1fe4013a46ebb4f814a4076,train_perplexity,52.60918045043945,103,1734275495515
33e43d3fa1fe4013a46ebb4f814a4076,train_perplexity,50.089847564697266,104,1734275495541
33e43d3fa1fe4013a46ebb4f814a4076,train_perplexity,51.24640655517578,105,1734275495566
33e43d3fa1fe4013a46ebb4f814a4076,train_perplexity,36.69575881958008,106,1734275495588
33e43d3fa1fe4013a46ebb4f814a4076,train_perplexity,41.05718231201172,107,1734275495614
33e43d3fa1fe4013a46ebb4f814a4076,train_perplexity,61.07242965698242,108,1734275495638
33e43d3fa1fe4013a46ebb4f814a4076,train_perplexity,44.160987854003906,109,1734275495663
33e43d3fa1fe4013a46ebb4f814a4076,train_perplexity,40.559043884277344,110,1734275495690
33e43d3fa1fe4013a46ebb4f814a4076,train_perplexity,48.341766357421875,111,1734275495718
33e43d3fa1fe4013a46ebb4f814a4076,train_perplexity,45.99870681762695,112,1734275495743
33e43d3fa1fe4013a46ebb4f814a4076,train_perplexity,37.29411315917969,113,1734275495769
33e43d3fa1fe4013a46ebb4f814a4076,train_perplexity,47.85444641113281,114,1734275495793
33e43d3fa1fe4013a46ebb4f814a4076,train_perplexity,49.26514434814453,115,1734275495818
33e43d3fa1fe4013a46ebb4f814a4076,train_perplexity,33.76859664916992,116,1734275495845
33e43d3fa1fe4013a46ebb4f814a4076,train_perplexity,42.20563507080078,117,1734275495872
33e43d3fa1fe4013a46ebb4f814a4076,train_perplexity,38.45447540283203,118,1734275495897
33e43d3fa1fe4013a46ebb4f814a4076,train_perplexity,64.20681762695312,119,1734275495923
33e43d3fa1fe4013a46ebb4f814a4076,train_perplexity,41.90275573730469,120,1734275495948
33e43d3fa1fe4013a46ebb4f814a4076,train_perplexity,52.474491119384766,121,1734275495974
33e43d3fa1fe4013a46ebb4f814a4076,train_perplexity,39.095821380615234,122,1734275495998
33e43d3fa1fe4013a46ebb4f814a4076,train_perplexity,49.2110481262207,123,1734275496028
33e43d3fa1fe4013a46ebb4f814a4076,train_perplexity,44.44762420654297,124,1734275496054
33e43d3fa1fe4013a46ebb4f814a4076,train_perplexity,42.24687194824219,125,1734275496080
33e43d3fa1fe4013a46ebb4f814a4076,train_perplexity,50.16939926147461,126,1734275496104
33e43d3fa1fe4013a46ebb4f814a4076,train_perplexity,38.18084716796875,127,1734275496130
33e43d3fa1fe4013a46ebb4f814a4076,train_perplexity,39.68241882324219,128,1734275496155
33e43d3fa1fe4013a46ebb4f814a4076,train_perplexity,37.588905334472656,129,1734275496179
33e43d3fa1fe4013a46ebb4f814a4076,train_perplexity,49.88847732543945,130,1734275496205
33e43d3fa1fe4013a46ebb4f814a4076,train_perplexity,36.65993881225586,131,1734275496230
33e43d3fa1fe4013a46ebb4f814a4076,train_perplexity,45.324275970458984,132,1734275496255
33e43d3fa1fe4013a46ebb4f814a4076,train_perplexity,49.827613830566406,133,1734275496280
33e43d3fa1fe4013a46ebb4f814a4076,train_perplexity,45.507225036621094,134,1734275496305
33e43d3fa1fe4013a46ebb4f814a4076,train_perplexity,37.6394157409668,135,1734275496331
33e43d3fa1fe4013a46ebb4f814a4076,train_perplexity,40.977073669433594,136,1734275496357
33e43d3fa1fe4013a46ebb4f814a4076,train_perplexity,45.313209533691406,137,1734275496383
33e43d3fa1fe4013a46ebb4f814a4076,train_perplexity,36.05635070800781,138,1734275496408
33e43d3fa1fe4013a46ebb4f814a4076,train_perplexity,39.658203125,139,1734275496433
33e43d3fa1fe4013a46ebb4f814a4076,train_perplexity,46.96324157714844,140,1734275496457
33e43d3fa1fe4013a46ebb4f814a4076,train_perplexity,39.1340217590332,141,1734275496483
33e43d3fa1fe4013a46ebb4f814a4076,train_perplexity,43.77989959716797,142,1734275496508
33e43d3fa1fe4013a46ebb4f814a4076,train_perplexity,49.53046417236328,143,1734275496535
33e43d3fa1fe4013a46ebb4f814a4076,train_perplexity,33.27348327636719,144,1734275496564
33e43d3fa1fe4013a46ebb4f814a4076,train_perplexity,44.67063903808594,145,1734275496590
33e43d3fa1fe4013a46ebb4f814a4076,train_perplexity,51.09648895263672,146,1734275496616
33e43d3fa1fe4013a46ebb4f814a4076,train_perplexity,32.34043502807617,147,1734275496640
33e43d3fa1fe4013a46ebb4f814a4076,train_perplexity,40.36148452758789,148,1734275496664
33e43d3fa1fe4013a46ebb4f814a4076,train_perplexity,34.51457977294922,149,1734275496688
33e43d3fa1fe4013a46ebb4f814a4076,train_perplexity,43.006553649902344,150,1734275496713
33e43d3fa1fe4013a46ebb4f814a4076,train_perplexity,40.83725357055664,151,1734275496741
33e43d3fa1fe4013a46ebb4f814a4076,train_perplexity,36.445762634277344,152,1734275496768
33e43d3fa1fe4013a46ebb4f814a4076,train_perplexity,48.548744201660156,153,1734275496794
33e43d3fa1fe4013a46ebb4f814a4076,train_perplexity,41.92833709716797,154,1734275496820
33e43d3fa1fe4013a46ebb4f814a4076,train_perplexity,40.13547897338867,155,1734275496846
33e43d3fa1fe4013a46ebb4f814a4076,train_perplexity,39.575992584228516,156,1734276796114
33e43d3fa1fe4013a46ebb4f814a4076,train_perplexity,30.908470153808594,157,1734276796140
33e43d3fa1fe4013a46ebb4f814a4076,train_perplexity,44.34465408325195,158,1734276796165
33e43d3fa1fe4013a46ebb4f814a4076,train_perplexity,42.396690368652344,159,1734276796190
33e43d3fa1fe4013a46ebb4f814a4076,train_perplexity,49.06109619140625,160,1734276796212
33e43d3fa1fe4013a46ebb4f814a4076,train_perplexity,39.624332427978516,161,1734276796236
33e43d3fa1fe4013a46ebb4f814a4076,train_perplexity,41.30854415893555,162,1734276796260
33e43d3fa1fe4013a46ebb4f814a4076,train_perplexity,42.14899826049805,163,1734276796283
33e43d3fa1fe4013a46ebb4f814a4076,train_perplexity,47.383609771728516,164,1734276796308
33e43d3fa1fe4013a46ebb4f814a4076,train_perplexity,33.99607467651367,165,1734276796334
33e43d3fa1fe4013a46ebb4f814a4076,train_perplexity,40.41078567504883,166,1734276796359
33e43d3fa1fe4013a46ebb4f814a4076,train_perplexity,33.09928512573242,167,1734276796383
33e43d3fa1fe4013a46ebb4f814a4076,train_perplexity,54.68486022949219,168,1734276796407
33e43d3fa1fe4013a46ebb4f814a4076,train_perplexity,34.39261245727539,169,1734276796431
33e43d3fa1fe4013a46ebb4f814a4076,train_perplexity,42.69271469116211,170,1734276796455
33e43d3fa1fe4013a46ebb4f814a4076,train_perplexity,38.07379913330078,171,1734276796479
33e43d3fa1fe4013a46ebb4f814a4076,train_perplexity,40.797393798828125,172,1734276796503
33e43d3fa1fe4013a46ebb4f814a4076,train_perplexity,37.332828521728516,173,1734276796528
33e43d3fa1fe4013a46ebb4f814a4076,train_perplexity,39.99365234375,174,1734276796552
33e43d3fa1fe4013a46ebb4f814a4076,train_perplexity,33.661590576171875,175,1734276796575
33e43d3fa1fe4013a46ebb4f814a4076,train_perplexity,36.97904968261719,176,1734276796601
33e43d3fa1fe4013a46ebb4f814a4076,train_perplexity,32.85373306274414,177,1734276796624
33e43d3fa1fe4013a46ebb4f814a4076,train_perplexity,50.80417251586914,178,1734276796648
33e43d3fa1fe4013a46ebb4f814a4076,train_perplexity,40.455204010009766,179,1734276796671
33e43d3fa1fe4013a46ebb4f814a4076,train_perplexity,47.193115234375,180,1734276796695
33e43d3fa1fe4013a46ebb4f814a4076,train_perplexity,47.25075912475586,181,1734276796717
33e43d3fa1fe4013a46ebb4f814a4076,train_perplexity,34.05006790161133,182,1734276796741
33e43d3fa1fe4013a46ebb4f814a4076,train_perplexity,37.332828521728516,183,1734276796767
33e43d3fa1fe4013a46ebb4f814a4076,train_perplexity,35.25336837768555,184,1734276796791
33e43d3fa1fe4013a46ebb4f814a4076,train_perplexity,34.86179733276367,185,1734276796814
33e43d3fa1fe4013a46ebb4f814a4076,train_perplexity,39.11491775512695,186,1734276796837
33e43d3fa1fe4013a46ebb4f814a4076,train_perplexity,36.43241882324219,187,1734276796861
33e43d3fa1fe4013a46ebb4f814a4076,train_perplexity,40.228675842285156,188,1734276796884
33e43d3fa1fe4013a46ebb4f814a4076,train_perplexity,37.625633239746094,189,1734276796907
33e43d3fa1fe4013a46ebb4f814a4076,train_perplexity,35.94648361206055,190,1734276796931
33e43d3fa1fe4013a46ebb4f814a4076,train_perplexity,43.0485725402832,191,1734276796954
33e43d3fa1fe4013a46ebb4f814a4076,train_perplexity,42.077030181884766,192,1734276796977
33e43d3fa1fe4013a46ebb4f814a4076,train_perplexity,44.17716598510742,193,1734276797002
33e43d3fa1fe4013a46ebb4f814a4076,train_perplexity,44.861900329589844,194,1734276797025
33e43d3fa1fe4013a46ebb4f814a4076,train_perplexity,41.26822280883789,195,1734276797048
33e43d3fa1fe4013a46ebb4f814a4076,train_perplexity,38.69698715209961,196,1734276797071
33e43d3fa1fe4013a46ebb4f814a4076,train_perplexity,29.509273529052734,197,1734276797094
33e43d3fa1fe4013a46ebb4f814a4076,train_perplexity,38.50849533081055,198,1734276797117
33e43d3fa1fe4013a46ebb4f814a4076,train_perplexity,41.68338394165039,199,1734276797141
33e43d3fa1fe4013a46ebb4f814a4076,train_perplexity,39.263214111328125,200,1734276797166
33e43d3fa1fe4013a46ebb4f814a4076,train_perplexity,35.21250915527344,201,1734276797191
33e43d3fa1fe4013a46ebb4f814a4076,train_perplexity,33.16804504394531,202,1734276797219
33e43d3fa1fe4013a46ebb4f814a4076,train_perplexity,44.48562240600586,203,1734276797243
33e43d3fa1fe4013a46ebb4f814a4076,train_perplexity,33.64515686035156,204,1734276797265
33e43d3fa1fe4013a46ebb4f814a4076,train_perplexity,37.4835205078125,205,1734276797288
33e43d3fa1fe4013a46ebb4f814a4076,train_perplexity,45.224796295166016,206,1734276797312
33e43d3fa1fe4013a46ebb4f814a4076,train_perplexity,31.1204833984375,207,1734276797336
33e43d3fa1fe4013a46ebb4f814a4076,train_perplexity,39.98876953125,208,1734276797358
33e43d3fa1fe4013a46ebb4f814a4076,train_perplexity,40.46014404296875,209,1734276797381
33e43d3fa1fe4013a46ebb4f814a4076,train_perplexity,35.18672561645508,210,1734276797406
33e43d3fa1fe4013a46ebb4f814a4076,train_perplexity,35.78886032104492,211,1734276797430
33e43d3fa1fe4013a46ebb4f814a4076,train_perplexity,35.2856559753418,212,1734276797453
33e43d3fa1fe4013a46ebb4f814a4076,train_perplexity,38.8294792175293,213,1734276797475
33e43d3fa1fe4013a46ebb4f814a4076,train_perplexity,34.552520751953125,214,1734276797498
33e43d3fa1fe4013a46ebb4f814a4076,train_perplexity,35.684165954589844,215,1734276797521
33e43d3fa1fe4013a46ebb4f814a4076,train_perplexity,37.759063720703125,216,1734276797546
33e43d3fa1fe4013a46ebb4f814a4076,train_perplexity,33.62873458862305,217,1734276797568
33e43d3fa1fe4013a46ebb4f814a4076,train_perplexity,32.2340202331543,218,1734276797592
33e43d3fa1fe4013a46ebb4f814a4076,train_perplexity,48.81020736694336,219,1734276797615
33e43d3fa1fe4013a46ebb4f814a4076,train_perplexity,38.45682144165039,220,1734276797638
33e43d3fa1fe4013a46ebb4f814a4076,train_perplexity,37.740631103515625,221,1734276797661
33e43d3fa1fe4013a46ebb4f814a4076,train_perplexity,37.53846740722656,222,1734276797683
33e43d3fa1fe4013a46ebb4f814a4076,train_perplexity,41.06219482421875,223,1734276797706
33e43d3fa1fe4013a46ebb4f814a4076,train_perplexity,38.2181510925293,224,1734276797729
33e43d3fa1fe4013a46ebb4f814a4076,train_perplexity,38.640342712402344,225,1734276797752
33e43d3fa1fe4013a46ebb4f814a4076,train_perplexity,41.85163497924805,226,1734276797775
33e43d3fa1fe4013a46ebb4f814a4076,train_perplexity,41.18769836425781,227,1734276797798
33e43d3fa1fe4013a46ebb4f814a4076,train_perplexity,36.78545379638672,228,1734276797822
33e43d3fa1fe4013a46ebb4f814a4076,train_perplexity,40.003414154052734,229,1734276797844
33e43d3fa1fe4013a46ebb4f814a4076,train_perplexity,34.59049987792969,230,1734276797868
33e43d3fa1fe4013a46ebb4f814a4076,train_perplexity,39.60498809814453,231,1734276797893
33e43d3fa1fe4013a46ebb4f814a4076,train_perplexity,34.84052658081055,232,1734276797919
33e43d3fa1fe4013a46ebb4f814a4076,train_perplexity,34.00022506713867,233,1734276797942
33e43d3fa1fe4013a46ebb4f814a4076,train_perplexity,31.251821517944336,234,1734276797966
33e43d3fa1fe4013a46ebb4f814a4076,train_perplexity,32.8256721496582,235,1734276797989
33e43d3fa1fe4013a46ebb4f814a4076,train_perplexity,33.41594696044922,236,1734276798012
33e43d3fa1fe4013a46ebb4f814a4076,train_perplexity,33.02663803100586,237,1734276798035
33e43d3fa1fe4013a46ebb4f814a4076,train_perplexity,30.455291748046875,238,1734276798059
33e43d3fa1fe4013a46ebb4f814a4076,train_perplexity,36.082767486572266,239,1734276798085
33e43d3fa1fe4013a46ebb4f814a4076,train_perplexity,33.41594696044922,240,1734276798108
33e43d3fa1fe4013a46ebb4f814a4076,train_perplexity,31.372222900390625,241,1734276798130
33e43d3fa1fe4013a46ebb4f814a4076,train_perplexity,34.15830993652344,242,1734276798152
33e43d3fa1fe4013a46ebb4f814a4076,train_perplexity,36.410186767578125,243,1734276798175
33e43d3fa1fe4013a46ebb4f814a4076,train_perplexity,33.867671966552734,244,1734276798198
33e43d3fa1fe4013a46ebb4f814a4076,train_perplexity,35.3115119934082,245,1734276798220
33e43d3fa1fe4013a46ebb4f814a4076,train_perplexity,36.34357833862305,246,1734276798241
33e43d3fa1fe4013a46ebb4f814a4076,train_perplexity,37.060394287109375,247,1734276798266
33e43d3fa1fe4013a46ebb4f814a4076,train_perplexity,35.7757568359375,248,1734276798289
33e43d3fa1fe4013a46ebb4f814a4076,train_perplexity,44.28514862060547,249,1734276798312
33e43d3fa1fe4013a46ebb4f814a4076,train_perplexity,49.41571807861328,250,1734276798332
33e43d3fa1fe4013a46ebb4f814a4076,train_perplexity,43.24872589111328,251,1734276798355
33e43d3fa1fe4013a46ebb4f814a4076,train_perplexity,38.52260208129883,252,1734276798377
33e43d3fa1fe4013a46ebb4f814a4076,train_perplexity,34.00022506713867,253,1734276798400
33e43d3fa1fe4013a46ebb4f814a4076,train_perplexity,42.20048141479492,254,1734276798422
33e43d3fa1fe4013a46ebb4f814a4076,train_perplexity,38.176185607910156,255,1734276798445
33e43d3fa1fe4013a46ebb4f814a4076,train_perplexity,32.27339553833008,256,1734276798467
33e43d3fa1fe4013a46ebb4f814a4076,train_perplexity,33.12960433959961,257,1734276798488
33e43d3fa1fe4013a46ebb4f814a4076,train_perplexity,37.657798767089844,258,1734276798512
33e43d3fa1fe4013a46ebb4f814a4076,train_perplexity,46.82014083862305,259,1734276798535
33e43d3fa1fe4013a46ebb4f814a4076,train_perplexity,25.812387466430664,260,1734276798557
33e43d3fa1fe4013a46ebb4f814a4076,train_perplexity,35.143802642822266,261,1734276798579
33e43d3fa1fe4013a46ebb4f814a4076,train_perplexity,38.96717834472656,262,1734276798601
33e43d3fa1fe4013a46ebb4f814a4076,train_perplexity,51.340328216552734,263,1734276798623
33e43d3fa1fe4013a46ebb4f814a4076,train_perplexity,33.9546012878418,264,1734276798645
33e43d3fa1fe4013a46ebb4f814a4076,train_perplexity,35.50601577758789,265,1734276798668
33e43d3fa1fe4013a46ebb4f814a4076,train_perplexity,32.1240348815918,266,1734276798691
33e43d3fa1fe4013a46ebb4f814a4076,train_perplexity,35.367591857910156,267,1734276798714
33e43d3fa1fe4013a46ebb4f814a4076,train_perplexity,33.0831298828125,268,1734276798736
33e43d3fa1fe4013a46ebb4f814a4076,train_perplexity,36.99259567260742,269,1734276798758
33e43d3fa1fe4013a46ebb4f814a4076,train_perplexity,27.995149612426758,270,1734276798781
33e43d3fa1fe4013a46ebb4f814a4076,train_perplexity,38.640342712402344,271,1734276798803
33e43d3fa1fe4013a46ebb4f814a4076,train_perplexity,39.1340217590332,272,1734276798826
33e43d3fa1fe4013a46ebb4f814a4076,train_perplexity,36.00796890258789,273,1734276798849
33e43d3fa1fe4013a46ebb4f814a4076,train_perplexity,34.972618103027344,274,1734276798872
33e43d3fa1fe4013a46ebb4f814a4076,train_perplexity,32.69370651245117,275,1734276798896
33e43d3fa1fe4013a46ebb4f814a4076,train_perplexity,35.156673431396484,276,1734276798920
33e43d3fa1fe4013a46ebb4f814a4076,train_perplexity,38.06915283203125,277,1734276798943
33e43d3fa1fe4013a46ebb4f814a4076,train_perplexity,30.166688919067383,278,1734276798966
33e43d3fa1fe4013a46ebb4f814a4076,train_perplexity,39.68241882324219,279,1734276798989
33e43d3fa1fe4013a46ebb4f814a4076,train_perplexity,33.28973388671875,280,1734276799013
33e43d3fa1fe4013a46ebb4f814a4076,train_perplexity,38.222816467285156,281,1734276799038
33e43d3fa1fe4013a46ebb4f814a4076,train_perplexity,31.971464157104492,282,1734276799062
33e43d3fa1fe4013a46ebb4f814a4076,train_perplexity,38.84370040893555,283,1734276799086
33e43d3fa1fe4013a46ebb4f814a4076,train_perplexity,39.9010009765625,284,1734276799111
33e43d3fa1fe4013a46ebb4f814a4076,train_perplexity,35.36327362060547,285,1734276799135
33e43d3fa1fe4013a46ebb4f814a4076,train_perplexity,26.027542114257812,286,1734276799160
33e43d3fa1fe4013a46ebb4f814a4076,train_perplexity,30.432994842529297,287,1734276799183
33e43d3fa1fe4013a46ebb4f814a4076,train_perplexity,30.581954956054688,288,1734276799207
33e43d3fa1fe4013a46ebb4f814a4076,train_perplexity,32.645851135253906,289,1734276799230
33e43d3fa1fe4013a46ebb4f814a4076,train_perplexity,37.89297103881836,290,1734276799255
33e43d3fa1fe4013a46ebb4f814a4076,train_perplexity,38.59791564941406,291,1734276799278
33e43d3fa1fe4013a46ebb4f814a4076,train_perplexity,35.806339263916016,292,1734276799301
33e43d3fa1fe4013a46ebb4f814a4076,train_perplexity,40.67307662963867,293,1734276799326
33e43d3fa1fe4013a46ebb4f814a4076,train_perplexity,32.94610595703125,294,1734276799349
33e43d3fa1fe4013a46ebb4f814a4076,train_perplexity,31.14328384399414,295,1734276799374
33e43d3fa1fe4013a46ebb4f814a4076,train_perplexity,36.414634704589844,296,1734276799399
33e43d3fa1fe4013a46ebb4f814a4076,train_perplexity,30.870763778686523,297,1734276799422
33e43d3fa1fe4013a46ebb4f814a4076,train_perplexity,27.196834564208984,298,1734276799447
33e43d3fa1fe4013a46ebb4f814a4076,train_perplexity,35.07950973510742,299,1734276799472
33e43d3fa1fe4013a46ebb4f814a4076,train_perplexity,32.6777458190918,300,1734276799495
33e43d3fa1fe4013a46ebb4f814a4076,train_perplexity,34.87456512451172,301,1734276799519
33e43d3fa1fe4013a46ebb4f814a4076,train_perplexity,35.23830795288086,302,1734276799542
33e43d3fa1fe4013a46ebb4f814a4076,train_perplexity,27.89792251586914,303,1734276799565
33e43d3fa1fe4013a46ebb4f814a4076,train_perplexity,35.59715270996094,304,1734276799589
33e43d3fa1fe4013a46ebb4f814a4076,train_perplexity,46.41610336303711,305,1734276799613
33e43d3fa1fe4013a46ebb4f814a4076,train_perplexity,29.59404754638672,306,1734276799641
33e43d3fa1fe4013a46ebb4f814a4076,train_perplexity,31.49500846862793,307,1734276799666
33e43d3fa1fe4013a46ebb4f814a4076,train_perplexity,29.746164321899414,308,1734276799690
33e43d3fa1fe4013a46ebb4f814a4076,train_perplexity,36.244503021240234,309,1734276799714
33e43d3fa1fe4013a46ebb4f814a4076,train_perplexity,25.989442825317383,310,1734276799737
33e43d3fa1fe4013a46ebb4f814a4076,train_perplexity,33.05890655517578,311,1734276799759
33e43d3fa1fe4013a46ebb4f814a4076,train_perplexity,36.539310455322266,312,1734278095118
33e43d3fa1fe4013a46ebb4f814a4076,train_perplexity,28.221607208251953,313,1734278095140
33e43d3fa1fe4013a46ebb4f814a4076,train_perplexity,31.59898567199707,314,1734278095163
33e43d3fa1fe4013a46ebb4f814a4076,train_perplexity,26.952266693115234,315,1734278095185
33e43d3fa1fe4013a46ebb4f814a4076,train_perplexity,31.703304290771484,316,1734278095208
33e43d3fa1fe4013a46ebb4f814a4076,train_perplexity,24.465539932250977,317,1734278095229
33e43d3fa1fe4013a46ebb4f814a4076,train_perplexity,33.72328186035156,318,1734278095251
33e43d3fa1fe4013a46ebb4f814a4076,train_perplexity,34.70893096923828,319,1734278095272
33e43d3fa1fe4013a46ebb4f814a4076,train_perplexity,30.229354858398438,320,1734278095292
33e43d3fa1fe4013a46ebb4f814a4076,train_perplexity,29.55794334411621,321,1734278095312
33e43d3fa1fe4013a46ebb4f814a4076,train_perplexity,31.533479690551758,322,1734278095332
33e43d3fa1fe4013a46ebb4f814a4076,train_perplexity,30.449716567993164,323,1734278095353
33e43d3fa1fe4013a46ebb4f814a4076,train_perplexity,28.5751953125,324,1734278095373
33e43d3fa1fe4013a46ebb4f814a4076,train_perplexity,25.589637756347656,325,1734278095394
33e43d3fa1fe4013a46ebb4f814a4076,train_perplexity,27.196834564208984,326,1734278095415
33e43d3fa1fe4013a46ebb4f814a4076,train_perplexity,29.797042846679688,327,1734278095437
33e43d3fa1fe4013a46ebb4f814a4076,train_perplexity,24.766021728515625,328,1734278095459
33e43d3fa1fe4013a46ebb4f814a4076,train_perplexity,23.465179443359375,329,1734278095480
33e43d3fa1fe4013a46ebb4f814a4076,train_perplexity,34.891597747802734,330,1734278095501
33e43d3fa1fe4013a46ebb4f814a4076,train_perplexity,28.043033599853516,331,1734278095520
33e43d3fa1fe4013a46ebb4f814a4076,train_perplexity,37.13737869262695,332,1734278095540
33e43d3fa1fe4013a46ebb4f814a4076,train_perplexity,30.87453269958496,333,1734278095560
33e43d3fa1fe4013a46ebb4f814a4076,train_perplexity,29.7861328125,334,1734278095581
33e43d3fa1fe4013a46ebb4f814a4076,train_perplexity,27.373361587524414,335,1734278095602
33e43d3fa1fe4013a46ebb4f814a4076,train_perplexity,25.10234832763672,336,1734278095622
33e43d3fa1fe4013a46ebb4f814a4076,train_perplexity,38.4943962097168,337,1734278095642
33e43d3fa1fe4013a46ebb4f814a4076,train_perplexity,31.3377742767334,338,1734278095663
33e43d3fa1fe4013a46ebb4f814a4076,train_perplexity,28.032766342163086,339,1734278095685
33e43d3fa1fe4013a46ebb4f814a4076,train_perplexity,29.910015106201172,340,1734278095707
33e43d3fa1fe4013a46ebb4f814a4076,train_perplexity,27.920066833496094,341,1734278095732
33e43d3fa1fe4013a46ebb4f814a4076,train_perplexity,35.71902847290039,342,1734278095754
33e43d3fa1fe4013a46ebb4f814a4076,train_perplexity,34.603172302246094,343,1734278095775
33e43d3fa1fe4013a46ebb4f814a4076,train_perplexity,26.77845573425293,344,1734278095797
33e43d3fa1fe4013a46ebb4f814a4076,train_perplexity,32.930023193359375,345,1734278095819
33e43d3fa1fe4013a46ebb4f814a4076,train_perplexity,32.26157760620117,346,1734278095840
33e43d3fa1fe4013a46ebb4f814a4076,train_perplexity,37.44236373901367,347,1734278095861
33e43d3fa1fe4013a46ebb4f814a4076,train_perplexity,25.316221237182617,348,1734278095882
33e43d3fa1fe4013a46ebb4f814a4076,train_perplexity,27.21011734008789,349,1734278095902
33e43d3fa1fe4013a46ebb4f814a4076,train_perplexity,26.372949600219727,350,1734278095924
33e43d3fa1fe4013a46ebb4f814a4076,train_perplexity,29.44989776611328,351,1734278095945
33e43d3fa1fe4013a46ebb4f814a4076,train_perplexity,30.53719139099121,352,1734278095966
33e43d3fa1fe4013a46ebb4f814a4076,train_perplexity,34.972618103027344,353,1734278095985
33e43d3fa1fe4013a46ebb4f814a4076,train_perplexity,31.92856216430664,354,1734278096006
33e43d3fa1fe4013a46ebb4f814a4076,train_perplexity,26.064105987548828,355,1734278096027
33e43d3fa1fe4013a46ebb4f814a4076,train_perplexity,29.19219398498535,356,1734278096050
33e43d3fa1fe4013a46ebb4f814a4076,train_perplexity,27.96440887451172,357,1734278096069
33e43d3fa1fe4013a46ebb4f814a4076,train_perplexity,30.97456932067871,358,1734278096089
33e43d3fa1fe4013a46ebb4f814a4076,train_perplexity,28.415189743041992,359,1734278096109
33e43d3fa1fe4013a46ebb4f814a4076,train_perplexity,33.00245666503906,360,1734278096130
33e43d3fa1fe4013a46ebb4f814a4076,train_perplexity,31.41437530517578,361,1734278096151
33e43d3fa1fe4013a46ebb4f814a4076,train_perplexity,32.065269470214844,362,1734278096171
33e43d3fa1fe4013a46ebb4f814a4076,train_perplexity,31.591270446777344,363,1734278096192
33e43d3fa1fe4013a46ebb4f814a4076,train_perplexity,26.709897994995117,364,1734278096212
33e43d3fa1fe4013a46ebb4f814a4076,train_perplexity,29.818876266479492,365,1734278096233
33e43d3fa1fe4013a46ebb4f814a4076,train_perplexity,39.808563232421875,366,1734278096252
33e43d3fa1fe4013a46ebb4f814a4076,train_perplexity,24.549306869506836,367,1734278096271
33e43d3fa1fe4013a46ebb4f814a4076,train_perplexity,31.097698211669922,368,1734278096291
33e43d3fa1fe4013a46ebb4f814a4076,train_perplexity,26.995071411132812,369,1734278096310
33e43d3fa1fe4013a46ebb4f814a4076,train_perplexity,32.39970779418945,370,1734278096331
33e43d3fa1fe4013a46ebb4f814a4076,train_perplexity,22.009885787963867,371,1734278096351
33e43d3fa1fe4013a46ebb4f814a4076,train_perplexity,32.104434967041016,372,1734278096372
33e43d3fa1fe4013a46ebb4f814a4076,train_perplexity,24.142166137695312,373,1734278096393
33e43d3fa1fe4013a46ebb4f814a4076,train_perplexity,34.57361602783203,374,1734278096417
33e43d3fa1fe4013a46ebb4f814a4076,train_perplexity,32.57419967651367,375,1734278096440
33e43d3fa1fe4013a46ebb4f814a4076,train_perplexity,26.899677276611328,376,1734278096461
33e43d3fa1fe4013a46ebb4f814a4076,train_perplexity,27.48385238647461,377,1734278096481
33e43d3fa1fe4013a46ebb4f814a4076,train_perplexity,23.456586837768555,378,1734278096501
33e43d3fa1fe4013a46ebb4f814a4076,train_perplexity,29.53630256652832,379,1734278096521
33e43d3fa1fe4013a46ebb4f814a4076,train_perplexity,27.02639389038086,380,1734278096542
33e43d3fa1fe4013a46ebb4f814a4076,train_perplexity,28.32168960571289,381,1734278096562
33e43d3fa1fe4013a46ebb4f814a4076,train_perplexity,27.706174850463867,382,1734278096584
33e43d3fa1fe4013a46ebb4f814a4076,train_perplexity,24.471513748168945,383,1734278096605
33e43d3fa1fe4013a46ebb4f814a4076,train_perplexity,29.277843475341797,384,1734278096627
33e43d3fa1fe4013a46ebb4f814a4076,train_perplexity,31.537328720092773,385,1734278096650
33e43d3fa1fe4013a46ebb4f814a4076,train_perplexity,33.42410659790039,386,1734278096672
33e43d3fa1fe4013a46ebb4f814a4076,train_perplexity,25.257572174072266,387,1734278096694
33e43d3fa1fe4013a46ebb4f814a4076,train_perplexity,28.20783042907715,388,1734278096717
33e43d3fa1fe4013a46ebb4f814a4076,train_perplexity,26.03707504272461,389,1734278096738
33e43d3fa1fe4013a46ebb4f814a4076,train_perplexity,27.196834564208984,390,1734278096758
33e43d3fa1fe4013a46ebb4f814a4076,train_perplexity,28.919090270996094,391,1734278096778
33e43d3fa1fe4013a46ebb4f814a4076,train_perplexity,27.190195083618164,392,1734278096798
33e43d3fa1fe4013a46ebb4f814a4076,train_perplexity,29.70262336730957,393,1734278096821
33e43d3fa1fe4013a46ebb4f814a4076,train_perplexity,33.80158996582031,394,1734278096841
33e43d3fa1fe4013a46ebb4f814a4076,train_perplexity,36.09157943725586,395,1734278096861
33e43d3fa1fe4013a46ebb4f814a4076,train_perplexity,27.584686279296875,396,1734278096885
33e43d3fa1fe4013a46ebb4f814a4076,train_perplexity,26.337560653686523,397,1734278096906
33e43d3fa1fe4013a46ebb4f814a4076,train_perplexity,24.96940803527832,398,1734278096926
33e43d3fa1fe4013a46ebb4f814a4076,train_perplexity,31.3377742767334,399,1734278096947
33e43d3fa1fe4013a46ebb4f814a4076,train_perplexity,28.194059371948242,400,1734278096969
33e43d3fa1fe4013a46ebb4f814a4076,train_perplexity,30.25889015197754,401,1734278096990
33e43d3fa1fe4013a46ebb4f814a4076,train_perplexity,33.326324462890625,402,1734278097011
33e43d3fa1fe4013a46ebb4f814a4076,train_perplexity,41.7393913269043,403,1734278097031
33e43d3fa1fe4013a46ebb4f814a4076,train_perplexity,26.05933380126953,404,1734278097052
33e43d3fa1fe4013a46ebb4f814a4076,train_perplexity,26.92595863342285,405,1734278097073
33e43d3fa1fe4013a46ebb4f814a4076,train_perplexity,26.801347732543945,406,1734278097095
33e43d3fa1fe4013a46ebb4f814a4076,train_perplexity,25.608386993408203,407,1734278097117
33e43d3fa1fe4013a46ebb4f814a4076,train_perplexity,34.430419921875,408,1734278097138
33e43d3fa1fe4013a46ebb4f814a4076,train_perplexity,28.982704162597656,409,1734278097159
33e43d3fa1fe4013a46ebb4f814a4076,train_perplexity,33.36703109741211,410,1734278097181
33e43d3fa1fe4013a46ebb4f814a4076,train_perplexity,35.075225830078125,411,1734278097204
33e43d3fa1fe4013a46ebb4f814a4076,train_perplexity,29.092586517333984,412,1734278097228
33e43d3fa1fe4013a46ebb4f814a4076,train_perplexity,25.4665470123291,413,1734278097247
33e43d3fa1fe4013a46ebb4f814a4076,train_perplexity,30.485048294067383,414,1734278097267
33e43d3fa1fe4013a46ebb4f814a4076,train_perplexity,23.82888412475586,415,1734278097288
33e43d3fa1fe4013a46ebb4f814a4076,train_perplexity,27.85538673400879,416,1734278097308
33e43d3fa1fe4013a46ebb4f814a4076,train_perplexity,29.31360626220703,417,1734278097327
33e43d3fa1fe4013a46ebb4f814a4076,train_perplexity,30.731647491455078,418,1734278097347
33e43d3fa1fe4013a46ebb4f814a4076,train_perplexity,34.73860168457031,419,1734278097368
33e43d3fa1fe4013a46ebb4f814a4076,train_perplexity,33.88007736206055,420,1734278097388
33e43d3fa1fe4013a46ebb4f814a4076,train_perplexity,33.87594223022461,421,1734278097408
33e43d3fa1fe4013a46ebb4f814a4076,train_perplexity,31.154691696166992,422,1734278097428
33e43d3fa1fe4013a46ebb4f814a4076,train_perplexity,28.91556167602539,423,1734278097449
33e43d3fa1fe4013a46ebb4f814a4076,train_perplexity,22.6324520111084,424,1734278097469
33e43d3fa1fe4013a46ebb4f814a4076,train_perplexity,25.75887680053711,425,1734278097489
33e43d3fa1fe4013a46ebb4f814a4076,train_perplexity,28.820415496826172,426,1734278097509
33e43d3fa1fe4013a46ebb4f814a4076,train_perplexity,32.11619186401367,427,1734278097528
33e43d3fa1fe4013a46ebb4f814a4076,train_perplexity,22.853158950805664,428,1734278097549
33e43d3fa1fe4013a46ebb4f814a4076,train_perplexity,34.07917404174805,429,1734278097568
33e43d3fa1fe4013a46ebb4f814a4076,train_perplexity,31.139482498168945,430,1734278097589
33e43d3fa1fe4013a46ebb4f814a4076,train_perplexity,29.968488693237305,431,1734278097611
33e43d3fa1fe4013a46ebb4f814a4076,train_perplexity,28.608352661132812,432,1734278097632
33e43d3fa1fe4013a46ebb4f814a4076,train_perplexity,25.21752166748047,433,1734278097652
33e43d3fa1fe4013a46ebb4f814a4076,train_perplexity,29.990447998046875,434,1734278097673
33e43d3fa1fe4013a46ebb4f814a4076,train_perplexity,22.90203094482422,435,1734278097696
33e43d3fa1fe4013a46ebb4f814a4076,train_perplexity,39.68726348876953,436,1734278097716
33e43d3fa1fe4013a46ebb4f814a4076,train_perplexity,36.45021057128906,437,1734278097739
33e43d3fa1fe4013a46ebb4f814a4076,train_perplexity,27.21011734008789,438,1734278097760
33e43d3fa1fe4013a46ebb4f814a4076,train_perplexity,30.251502990722656,439,1734278097781
33e43d3fa1fe4013a46ebb4f814a4076,train_perplexity,25.793487548828125,440,1734278097802
33e43d3fa1fe4013a46ebb4f814a4076,train_perplexity,26.56357765197754,441,1734278097822
33e43d3fa1fe4013a46ebb4f814a4076,train_perplexity,30.750410079956055,442,1734278097843
33e43d3fa1fe4013a46ebb4f814a4076,train_perplexity,34.72164535522461,443,1734278097864
33e43d3fa1fe4013a46ebb4f814a4076,train_perplexity,27.45367431640625,444,1734278097883
33e43d3fa1fe4013a46ebb4f814a4076,train_perplexity,25.18060874938965,445,1734278097903
33e43d3fa1fe4013a46ebb4f814a4076,train_perplexity,29.181507110595703,446,1734278097923
33e43d3fa1fe4013a46ebb4f814a4076,train_perplexity,28.729089736938477,447,1734278097942
33e43d3fa1fe4013a46ebb4f814a4076,train_perplexity,30.814289093017578,448,1734278097962
33e43d3fa1fe4013a46ebb4f814a4076,train_perplexity,31.418210983276367,449,1734278097981
33e43d3fa1fe4013a46ebb4f814a4076,train_perplexity,25.93239974975586,450,1734278098001
33e43d3fa1fe4013a46ebb4f814a4076,train_perplexity,25.95456886291504,451,1734278098022
33e43d3fa1fe4013a46ebb4f814a4076,train_perplexity,26.82098388671875,452,1734278098042
33e43d3fa1fe4013a46ebb4f814a4076,train_perplexity,29.007478713989258,453,1734278098062
33e43d3fa1fe4013a46ebb4f814a4076,train_perplexity,25.732162475585938,454,1734278098082
33e43d3fa1fe4013a46ebb4f814a4076,train_perplexity,22.885263442993164,455,1734278098103
33e43d3fa1fe4013a46ebb4f814a4076,train_perplexity,31.49885368347168,456,1734278098123
33e43d3fa1fe4013a46ebb4f814a4076,train_perplexity,19.515750885009766,457,1734278098143
33e43d3fa1fe4013a46ebb4f814a4076,train_perplexity,25.72745132446289,458,1734278098163
33e43d3fa1fe4013a46ebb4f814a4076,train_perplexity,21.733556747436523,459,1734278098182
33e43d3fa1fe4013a46ebb4f814a4076,train_perplexity,27.753562927246094,460,1734278098202
33e43d3fa1fe4013a46ebb4f814a4076,train_perplexity,28.115013122558594,461,1734278098222
33e43d3fa1fe4013a46ebb4f814a4076,train_perplexity,30.866994857788086,462,1734278098243
33e43d3fa1fe4013a46ebb4f814a4076,train_perplexity,27.05445098876953,463,1734278098263
33e43d3fa1fe4013a46ebb4f814a4076,train_perplexity,32.40761947631836,464,1734278098284
33e43d3fa1fe4013a46ebb4f814a4076,train_perplexity,31.10529136657715,465,1734278098305
33e43d3fa1fe4013a46ebb4f814a4076,train_perplexity,25.721172332763672,466,1734278098325
33e43d3fa1fe4013a46ebb4f814a4076,train_perplexity,29.96117401123047,467,1734278098345
33e43d3fa1fe4013a46ebb4f814a4076,validation_cross_entropy,3.71640625,156,1734275505153
33e43d3fa1fe4013a46ebb4f814a4076,validation_cross_entropy,3.4925,312,1734276808095
33e43d3fa1fe4013a46ebb4f814a4076,validation_cross_entropy,3.405,468,1734278106707
33e43d3fa1fe4013a46ebb4f814a4076,validation_perplexity,41.116371154785156,156,1734275505142
33e43d3fa1fe4013a46ebb4f814a4076,validation_perplexity,32.868019104003906,312,1734276808081
33e43d3fa1fe4013a46ebb4f814a4076,validation_perplexity,30.114294052124023,468,1734278106693